Timestamp, IP5-H:Pos, IP5-H:Residuals, IP5-V:Pos, IP5-V:Residuals
NUMBER-POINTS 662
1.542135000249E12,0.13684151057709112,3.3745264484285675,-2.1877460205366943,6.512893589027688
1.542135001249E12,0.05204618555338523,2.87192380785984,-2.1673320328662022,5.98712440587905
1.542135002249E12,0.06629481495076921,2.879634798576754,-2.1300690845263723,5.423522859517559
1.542135003249E12,0.03217516841460976,2.716651876037225,-1.9588007748720437,5.5537692233192
1.542135004249E12,0.05567362845477845,3.1693210974044908,-1.7541584550148797,6.547140656251039
1.542135005249E12,0.05294289299823779,3.1786038790776554,-1.5709526751331273,6.56709934789562
1.542135006249E12,0.05240429691392268,3.1021777061176445,-1.4239848410924671,6.483732621797193
1.542135007249E12,-0.07175362761180772,3.151085965839111,-1.2438417928096552,7.590295916031649
1.542135008249E12,-0.12362741662491676,3.254878166386033,-1.1065419303232744,7.617398785045548
1.542135009249E12,-0.1330914939058894,3.261490913662731,-1.2394598630723137,5.379022520592139
1.542135010249E12,-0.1551174464656545,3.8136918475856754,-1.151990938027793,5.017807485624165
1.542135011249E12,-0.1824588566870123,3.9581465164220773,-0.9737804212064132,5.793025828351211
1.542135012249E12,-0.19806689212110448,4.220411441193731,-0.6468842704597306,8.192946027876843
1.542135013249E12,-0.32464291895802244,4.306326250726575,-0.4738684806098606,7.457743960655952
1.542135014249E12,-0.2682859438378986,4.311134104104374,-0.42812805692638567,5.861638999886429
1.542135015249E12,-0.297633498249108,3.778740488010322,-0.48507915889441444,6.256278678847466
1.542135016249E12,-0.3664618522249602,3.3738051427283144,-0.4210294753795337,5.852312008022688
1.542135017249E12,-0.3549287019500792,3.287088885100109,-0.3886782820189466,5.970424932615812
1.542135018249E12,-0.4533915093696533,3.540869383729646,-0.45274017023833085,5.527693691809142
1.542135019289E12,-0.3819632076924477,3.421489096959087,-0.4418842934911284,5.751032546614407
1.542135020249E12,-0.4451633561416713,3.6089060394888612,-0.40861298873245533,6.5591628176116625
1.542135021249E12,-0.4030169048221269,3.491312592406835,-0.3542762744448463,6.512410618577557
1.542135022729E12,-0.3997524127030502,2.880804220611954,-0.3805170186402882,6.334520693539453
1.542135023289E12,-0.4276156355053592,2.88609006173095,-0.4742227596746881,5.699794136173107
1.542135024249E12,-0.42487150424920245,3.110077086773344,-0.4384287004922373,5.030044315279254
1.542135025249E12,-0.4365534159911369,3.314820130459946,-0.3333869018189889,5.634043725889818
1.542135026249E12,-0.4773996574468123,3.3929226683024543,-0.16351026218949183,5.88326097037448
1.542135027249E12,-0.5071319235214975,3.7796789329005542,-0.13827701222460428,6.757784652603441
1.542135028209E12,-0.5365912496833012,3.5484711159483275,-0.18966890881444134,7.862692110249238
1.542135029249E12,-0.465771571384158,3.0618334954995206,-0.12268427964433186,7.166170526463994
1.542135030249E12,-0.41295696898375334,3.4816119304035134,-0.0651726224630615,7.938462154543534
1.542135031249E12,-0.387857569839853,3.2931798296015686,-0.027522188205255,6.778589761136317
1.542135032249E12,-0.29392394166254987,3.0649706957325136,-0.13401909564355685,5.6770073030794945
1.542135033249E12,-0.3183766287342577,2.8082372225917833,-0.30022418411220525,6.4124939304323885
1.542135034249E12,-0.2801559146608797,2.7180774555705094,-0.20066422201983378,7.396788753454133
1.542135035249E12,-0.27733360228749787,3.08040552307701,-0.22307383337944475,8.669529375174704
1.542135036249E12,-0.18528059121735177,3.2076451099489374,-0.27990289283653136,8.79482870849806
1.542135037249E12,-0.20388188226616544,3.1167430282980355,-0.23087306340907332,8.977334509286383
1.542135038209E12,-0.10076385551426015,3.186705418368576,-0.16022549580205814,8.111584682046008
1.542135039249E12,-0.10498916733373752,2.8132038172460625,-0.36790808122718394,9.4817261984147
1.542135040249E12,-0.053061963587292364,2.8554557633513378,-0.26051573698913516,10.225074861567137
1.542135041249E12,-0.1432561356099149,4.04792527457067,-0.25496766273203897,10.647452747072796
1.542135042249E12,-0.14528576262560403,2.9594716646751604,-0.21419557985203758,11.014053572056044
1.542135043249E12,-0.09354782819134239,3.069216841111073,-0.197072426911396,12.422364620038223
1.542135044249E12,0.017507058892256174,3.398000097045083,-0.28240410443372693,13.281377047518308
1.542135045249E12,-0.019863658002616233,4.685268955299409,-0.31697767153385514,13.772216499628644
1.542135046249E12,0.11946804237933889,4.845524761317928,-0.3091047312470477,14.032192582685418
1.542135047249E12,0.18996032097549784,5.648149601774056,-0.28577943497719577,13.880095165099629
1.542135048209E12,0.16139543935722758,5.514634732108711,-0.22243637227474686,14.698732992535238
1.542135049288E12,0.13644571201110017,4.948584646193591,-0.12816893403720284,15.921282444451641
1.542135050249E12,0.033670174304586624,5.1600102498553255,-0.06867987625249035,16.415553997263455
1.542135051249E12,0.12138971501734916,5.250554197414186,-0.1498238191280578,16.837367402035667
1.542135052249E12,0.12094811491215696,5.369838826273682,-0.222520901935342,16.60786783549779
1.542135053249E12,0.18137276874936098,5.373973764502232,-0.2900669546005877,16.411225359131624
1.542135054249E12,0.24680954834922156,5.727580739140009,-0.3030114589530494,16.23949132910265
1.542135055289E12,0.28221416942624317,5.712942593606792,-0.285273689554941,16.677979735320566
1.542135056264E12,0.19066479429767613,6.1147325248486215,-0.13679626286111038,17.498187539954024
1.542135057248E12,0.16308026228180886,5.886067462669315,0.011801616519764212,18.30369046825263
1.542135058249E12,0.11232525378687788,6.37516491664272,0.05176791211224235,18.46300762631557
1.542135059289E12,0.07033468035478044,6.7589134224497345,0.2770306288659116,15.7596096363251
1.542135060249E12,-0.044779038676428275,6.841982430345728,0.3075456002958553,15.284154859011801
1.542135061249E12,0.07545288638469963,6.734848493827427,0.2587991583607517,15.04299703144963
1.542135062289E12,0.026208247494846394,6.938010456891262,0.22878673000678532,14.859061501729109
1.542135063249E12,0.04022594175007485,6.734368408341837,0.1610332057999444,13.936768100131843
1.542135064249E12,-0.02525588184447438,6.833525522717739,0.1890803779059356,13.985420755835698
1.542135065249E12,-0.018819785497646888,7.09229887590735,0.40884752139226754,14.281209169069294
1.542135066249E12,-0.03683129059676974,6.487744945991851,0.21326637733479306,16.244869901339307
1.542135067249E12,-0.002329314748051188,5.556962295790828,0.48844216725987133,14.51006567580085
1.542135068209E12,-0.10410427944438362,6.016629618349506,0.5922306600398771,14.494643745807764
1.542135069264E12,-0.06897994398914255,6.340622355486707,0.646133457989972,14.32745228899615
1.542135070249E12,-0.02544674437102839,6.053500804070326,0.5807074674949761,13.397185116312153
1.542135071249E12,-0.10422171671587921,5.653958760093384,0.38910073205447604,12.915294322747112
1.542135072249E12,-0.10018289759470951,5.734242483140092,0.1775474097481298,12.358895547355885
1.542135073249E12,-0.11972773168217479,5.789244904745292,0.15714373290165273,12.449708221307677
1.542135074249E12,-0.18409766771760938,6.14068516188688,0.2622014361243948,12.124315593651943
1.542135075249E12,-0.10901438283406252,6.266236484824229,0.208418190382578,12.127220398265612
1.542135076249E12,-0.11550848973933038,5.939704217855999,0.1272860413724386,11.645687688051693
1.542135077249E12,-0.19462393200965594,5.912506749171323,0.20335666130353697,11.39119764797878
1.542135078209E12,-0.020178190821035967,5.887898040968872,0.22727074345954057,11.449399316260383
1.542135079289E12,-0.056947630637120224,5.809581836208008,0.21102202179340204,10.856971500025525
1.542135080289E12,-0.023518033093335555,5.674381099881682,0.0076824581081268,12.064884841832088
1.542135081289E12,-0.07965051629812642,5.316180002991297,0.2660468905681137,10.664581764960793
1.542135083085E12,-0.2041536890528644,5.580004603039526,0.047307696831292614,12.565553553732254
1.542135084289E12,-0.04947245731455828,5.007763102230459,0.09945353393687459,12.894532644000511
1.542135085249E12,0.013436573929522673,4.887540798742251,0.2305931442841657,10.963467611329987
1.542135086249E12,-0.06889786401388828,5.096649841903981,0.27054246637753915,10.19490627123278
1.542135087249E12,-0.03169891299983248,4.726451759765396,0.09392557019587044,9.133106312652542
1.542135088249E12,0.023019558027441055,4.772994383845998,0.06769445701439125,9.24829290167307
1.542135089249E12,0.08055086598621382,4.993700437284488,-0.0017256586372060103,10.844896032643424
1.542135090288E12,0.05125626521143651,5.2582652140868555,0.03825761905075334,10.685426676800347
1.542135091249E12,0.03098797933613365,5.278820424196146,0.26722258010611005,9.597210613033377
1.542135092249E12,-0.05465920558231004,5.2019625932996005,0.15366971152674147,11.370398168118172
1.542135093249E12,-0.0016918507696693152,5.259786369621047,0.11929783984010817,10.197079350131778
1.542135094249E12,-0.062663583343463,5.638614475302135,0.278316720991341,8.18091629712941
1.542135095249E12,-0.02600715092385504,5.868767066683538,0.29375281445169316,8.057650733091933
1.542135096249E12,0.023985923831858796,5.559725128369232,0.2535192995971961,7.34490869527568
1.542135097249E12,0.07197104824058057,5.729262930334149,0.161296516089734,6.912592489849281
1.542135098249E12,-0.04766240559066304,5.4151419273081665,0.17752498826598256,7.095796628385891
1.542135099209E12,-0.04580020948103471,4.95118847704996,0.15195930593777665,6.915803118448752
1.542135100288E12,0.033685177330899554,4.512761602119412,0.25416184086282473,5.352099869915169
1.542135101249E12,-0.09486712209587335,4.533905979987715,0.2724043284832571,5.404861359339494
1.542135102249E12,0.059568692957022946,4.783746579711184,0.24659306462031727,4.94893401275965
1.542135103249E12,0.047260984971373675,4.815590918811534,0.21171008568937377,6.419080299960928
1.542135104249E12,0.07938443494224708,4.222211973596302,0.26545527940485203,6.732186527962464
1.542135105249E12,0.008501656768019646,4.062895848396234,0.16809342219898218,7.528461852512382
1.542135106249E12,-0.028363065310419485,3.958362256969185,0.21678852664261988,6.000426648869553
1.542135107249E12,-0.035240898657502184,3.709974959478325,0.15918315064480296,7.193584576614479
1.542135108249E12,0.09010081123581996,3.9501878624797144,0.12226358418761316,7.953815529813656
1.542135109249E12,0.03184535607072842,4.113834774435913,0.15149199166705013,7.623632707095028
1.542135110289E12,0.06162183324322962,4.088474345137122,0.04877154417514879,6.612216275988101
1.542135111249E12,0.05386710823941963,4.04707038155964,0.12346682989143354,5.292469281810658
1.542135112248E12,0.03374572763088076,4.3869336882283685,0.14832949376351956,5.917200960128196
1.542135113249E12,0.10285596213612128,3.714503718316433,0.07967865948379206,4.836085010274391
1.542135114249E12,0.035513644911402346,3.804641845726602,0.10369102213411592,5.364364253803632
1.542135115249E12,0.0771397311238615,3.7992260923884302,0.23417283415364945,3.597920780109581
1.542135116249E12,0.03922349057307959,3.4434466612341903,0.21310723919875643,3.4902567558690087
1.542135117248E12,0.04532754197581853,3.4512060360440775,0.14965242341808188,3.1074600891726987
1.542135118249E12,0.00967014340617059,3.0619193710098904,0.05643564718133931,5.767031497200161
1.542135119249E12,0.03200768722256759,3.3624137356756076,0.14764406526859805,6.4759882870831085
1.542135120289E12,0.24275658543183543,3.7628340161497587,0.03340275012194644,5.3652108868523625
1.542135121249E12,0.13564224228964522,3.480308990548,-1.0478172019026175E-4,4.867700361279111
1.542135122249E12,0.17626881307789935,3.5479092339025464,0.08378990611583052,5.219904085591784
1.542135123249E12,0.0807480649633276,2.6409255919014685,0.21375641552288685,6.5414952958841335
1.542135124249E12,0.1445652062173604,3.7487006057833536,0.2691614145274847,6.62048377854333
1.542135125249E12,0.1353247005996048,3.276126868636704,0.3002153692429653,6.917991448721359
1.542135126249E12,0.10230083650094009,3.316891386794755,0.25915107105415136,6.463901006393671
1.542135127249E12,-0.002094681909541408,2.670430613381453,0.27127643205383917,6.389735261237082
1.542135128249E12,0.03184396318496665,3.182981894137794,0.1790042748118868,6.123434808097531
1.542135129249E12,-0.02363323707977268,3.1469600429748708,0.08307017024868522,5.906202965484941
1.542135130289E12,-8.838086516938392E-4,3.228757719544545,0.08939169569851935,5.541194567604855
1.542135131249E12,-0.02606809755538805,2.8493671223049875,0.029345110168299108,4.743295019979808
1.542135132249E12,0.0011670046300011347,2.3858745943451254,0.007475058712119629,4.409489946687591
1.542135133249E12,-0.12118429489313481,2.9527469944881277,0.032029741461587796,5.014951030686566
1.542135134249E12,-0.0924199970010333,3.2252178715971884,0.15169257614375806,5.949940074601353
1.542135135249E12,-0.08699584954136219,2.7918555684014663,0.09449921745259872,5.9783117412206614
1.542135136249E12,-0.02354451035384481,2.1940768041436645,0.06950870750914587,4.968467060680632
1.542135137289E12,-0.11692376338378853,2.4269437115737977,0.06219386038266479,5.816755844517159
1.542135138249E12,-0.10523347475975059,3.390181492303018,0.13335490918738796,6.840248762141059
1.542135139249E12,-0.12247066995938398,3.4287171343641503,0.17449708251137327,6.838313444763019
1.542135140289E12,-0.0722759066490169,3.0912090729118336,0.2500294774759123,7.0849844880293675
1.542135141249E12,0.009891286434963387,2.929756852557589,0.20804313564048119,5.874626591455327
1.542135142263E12,-0.02677052632020863,3.0717438032602518,0.11550610782369554,5.249973241820563
1.542135143249E12,-0.04047257641643953,2.9720438346236886,0.19682535773440474,5.555020776007366
1.542135144289E12,-0.03826660759969952,3.0858079389915947,0.2908178836357385,6.092537530000422
1.542135145249E12,0.0326230524053862,2.723832566889555,0.27662838917518917,5.623725415108267
1.542135146249E12,0.010072271496102816,3.254285764466144,0.17797987871460189,5.235469315102252
1.542135147248E12,-0.055886804198286184,3.201249244051105,0.18680645072273339,5.515834911579355
1.542135148249E12,-0.05527432813020824,3.2930628302348595,0.2098550201408883,5.8835491550322105
1.542135149409E12,-0.048187469780202864,3.1404451314276733,0.22706821959307041,5.522542612473026
1.542135150289E12,-0.03964677512378256,2.5226844542641156,0.34765116459764545,4.986508919807948
1.542135151249E12,-0.09212149428530975,2.4661891775337073,0.2032211810548514,5.370594181181858
1.542135152289E12,-0.1494739212097363,3.111660753125554,0.08746126785562292,5.355749114993357
1.542135153249E12,-0.06099110314304907,2.116140984534204,0.04092240073674384,5.435118906910016
1.542135154249E12,-0.13712527296695656,2.0577040928867087,0.011470980716985948,6.121058763993644
1.542135155249E12,-0.0940083581878065,2.2533350643370698,0.12755869720388724,6.632333973570594
1.542135156289E12,-0.06257918888123452,2.4655830465104343,0.13763652925971664,7.51030071391248
1.542135157248E12,-0.10944663600058778,4.456305618985672,0.07077471060282915,7.961346148101048
1.542135158249E12,-0.08041929965183306,4.448485149409881,0.2202174764013719,8.541395315176409
1.542135159249E12,-0.19154696595211743,4.339231468907547,0.3351887151863104,7.968743806836091
1.542135160329E12,-0.18571022968071296,3.659156591020948,0.24172008657160438,8.336413824206696
1.542135161249E12,-0.1652734655392027,3.6220863668249095,0.2654575851823473,8.856154912466367
1.542135162249E12,-0.18702477933910897,3.9853427757702464,0.41351404363357813,9.934835272021648
1.542135163249E12,-0.21952149146429692,4.142869907657894,0.4704633891871657,10.884376655584816
1.542135164248E12,-0.23738278621540276,4.212033047853759,0.484607557634026,10.997067443221722
1.542135165263E12,-0.11094965681714657,4.238118092742369,0.5218909487749918,11.116646955472962
1.542135166263E12,-0.14825244864760864,4.2850707188490516,0.4884578751758353,10.461502563595705
1.542135167263E12,-0.16746894087870104,3.448151822905481,0.3320249678695073,9.656001738831673
1.542135168248E12,-0.24110571035736186,3.9558739868913166,0.2963260618811906,9.999060088773215
1.542135169249E12,-0.1573734735363204,4.278775938725324,0.3823835072292856,10.322842981460761
1.542135170288E12,-0.26508530065874425,4.888119906052265,0.4524967278035633,10.808185126863966
1.542135171249E12,-0.1334088228966971,4.657897475273914,0.3977614723795958,10.544004942416402
1.542135172264E12,-0.1213287519871974,4.340306038403776,0.3006296696615461,9.973511096558203
1.542135173249E12,-0.14739828050958426,4.142877812986024,0.28969451235012167,10.017704980408773
1.542135174289E12,-0.09193251303470558,4.4390876204499925,0.1657389722179853,11.92600748554512
1.542135175289E12,-0.15139230020418332,4.367172394169375,0.40819064582976394,10.834630659018703
1.542135176289E12,-0.1414777523507057,4.038652869868757,0.30693150800305347,10.416841174157495
1.542135177263E12,-0.14965641323644177,3.9994658518831647,0.2009338652976972,12.025249256163
1.542135178289E12,-0.1177881982698649,3.781790100195639,0.37505646126406256,9.990488815743822
1.542135179249E12,-0.10243218595269722,4.273199374675296,0.0895898032069046,11.367982711359913
1.542135180289E12,-0.07609865156337096,4.195898759024382,0.2766439601799682,10.370800664622072
1.542135181249E12,-0.12151980712876469,3.910291737411895,0.33993375429378314,10.376791933336943
1.542135182289E12,-0.13928527118257986,4.13129190608335,0.3736396408885092,10.76546682614238
1.542135183289E12,-0.02794967706468732,4.4918286521879764,0.25311955850802276,9.323168509148994
1.542135184289E12,-0.08251237673561101,4.210786005724108,0.2154112303265525,8.207709410973235
1.542135185289E12,-0.01620815876526679,4.256919225841895,0.1878880284537065,8.029155192898703
1.542135186249E12,0.04167249699166098,4.4524320614825355,0.20269404012710235,8.539555777891934
1.542135187289E12,0.052493769173607104,4.629588426944483,0.2695026542016082,8.39506724030879
1.542135188289E12,0.06139786042643547,4.459028029577259,0.14238187610527614,7.716907122809238
1.542135189249E12,-0.008901309395969215,4.23949497075199,0.3307821066996973,8.24977729999073
1.542135190289E12,0.05988595505173936,4.592578994462692,0.30386537957949705,8.304350935516474
1.542135191263E12,0.10321426904252362,3.9893379390388204,0.32242620571080044,8.358628842231111
1.542135192289E12,0.0745889218895001,4.2589538728248995,0.33942308125764753,8.54697134541132
1.542135193289E12,0.0718317486354039,4.226438261147134,0.18331151666981882,9.202368180284633
1.542135194289E12,0.05996604483042544,4.29182364676813,0.23528079566574855,8.072104324192226
1.542135195289E12,0.13983446211100725,3.773278725626165,0.35740556470305446,7.880444045576838
1.542135196289E12,0.08720720036539825,4.381298290172963,0.10298714627744791,8.830180765481
1.542135197289E12,0.20054374225330318,4.553806239071334,0.2589215144855565,7.286795984979802
1.542135198289E12,0.14363569387109987,4.98013419348736,0.1494306321113064,9.047510613030234
1.542135199249E12,0.14699854398964535,4.962923670032793,0.20560794322274123,9.167754378783524
1.542135200288E12,0.08332403114299143,4.843229230606955,0.27579245486155374,8.951095073966076
1.542135201289E12,0.1223781312273685,4.000291255666818,0.3485159456781053,9.130877365907379
1.542135202289E12,0.06416162980166146,4.144544171658066,0.22494210527302824,8.196933767219715
1.542135203289E12,0.054133581342826184,4.356301791937215,0.28109359496758773,8.51142371754274
1.542135204289E12,0.01547098767895136,4.668302867695319,0.2992101548947363,8.667269278725788
1.542135205264E12,-0.021965964938768612,4.616568150841401,0.36092570894443465,6.70997650596461
1.542135206289E12,-0.02379025490414469,4.048118489452106,0.09084206993911484,6.9041899477315125
1.542135207289E12,0.12409193928460811,3.5136443222729494,-0.11774428619639912,6.759056633714226
1.542135208289E12,0.14827324322506316,3.5501853804925103,-0.008042855548030314,6.913962383923619
1.542135209249E12,0.1137011635140712,3.4984924574039002,0.16242241479015632,6.910812912388925
1.542135210288E12,0.07442978050087427,3.8061956677575925,0.22263637049660753,7.154523722331248
1.542135211289E12,0.03616803828659133,3.778978929814408,0.08141695233767089,6.178117877572841
1.542135212289E12,0.0215512008098359,3.4916279718936543,0.049750810314009436,6.306935662413471
1.542135213289E12,0.11997208340415792,3.7464295952959525,0.12719489901321357,5.643066648472877
1.542135214289E12,0.029950997497729916,4.347663882833694,0.2445123096041474,5.940115612745953
1.542135215289E12,-6.998919107764749E-4,3.7317526610722966,0.21240805784510175,6.0436647302909625
1.542135216289E12,0.1384846095300949,3.649148348155002,0.06906097370229346,5.9572720222259345
1.542135217289E12,0.11130161565350076,3.4231500047146852,0.21615336849972983,4.7943230011920015
1.542135218289E12,0.02187839145995281,3.609432279015086,0.3075906795497404,5.131288046654117
1.542135219249E12,-0.07037203121760863,4.106376648223604,0.3711682420250467,5.7831123052216595
1.542135220329E12,0.01773224581491455,3.4361448075784358,0.3011448688392352,7.492131517362332
1.542135221289E12,0.03247104071537581,3.282530910258497,0.2617631001209489,6.14377403937482
1.542135222289E12,-0.00658337256505906,2.8579408095117254,0.21646824141897486,5.379409748464049
1.542135223289E12,-0.04715336435616109,3.627497301538679,0.09385323261409037,4.973813884282843
1.542135224289E12,-8.171981661281271E-5,1.7805864461832779,0.11650814708851305,6.16564703580641
1.542135225289E12,0.1113899518110441,2.40337883309486,0.21381274152675436,5.0502336706679705
1.542135226289E12,0.10085098220129278,2.2334689954976676,0.09838060883348636,3.860735963312754
1.542135227289E12,0.09298411722535402,2.0596326559486555,0.09735150419151785,4.999527297712409
1.542135228289E12,0.14354647937222847,2.2784545160111307,0.05752336819058114,4.349254264329996
1.542135229249E12,0.0607465430085619,2.4111508971238957,0.19329571835063789,4.389347877179135
1.542135230303E12,0.08794606192882609,2.5566166121021507,0.22602159122784274,5.27896490697911
1.542135231289E12,0.039785852360437086,3.1072948209981837,0.3768486842821406,6.0256884564243345
1.542135232289E12,0.04540138666225134,3.221345497580201,0.3781221959629411,6.3948276525011005
1.542135233289E12,-0.06280248833032838,3.796190981660239,0.27182786356938693,5.5112812353618805
1.542135234289E12,-0.06681007547310454,3.053225377882395,0.18339513006550345,3.925806010301588
1.542135235289E12,-0.0054075467742495205,2.334265672221798,0.17211983672043094,3.7814079528465365
1.542135236289E12,0.02793418411043772,2.1533033706442017,0.20542736780075652,4.72030643463557
1.542135237289E12,-0.014162269413651963,2.2146476266516246,0.27490353103843584,5.399183424953857
1.542135238289E12,0.07145646671709852,2.4773986879554664,0.4399809242842129,6.176465218819581
1.542135239249E12,-0.09261658891615566,3.545506395489874,0.3333758780201796,5.375814059707414
1.542135240303E12,-0.042741165976492836,2.338074543666719,0.016234326595368588,5.514392850373146
1.542135241289E12,0.02129224988674987,2.373195270317656,0.0678155741211489,5.474486708367711
1.542135242289E12,-0.08418844738491833,2.319751244882252,0.10498412176553897,5.317401784211732
1.542135243289E12,-0.08604519299862551,2.504973250290587,0.317313879364324,4.9367006978313555
1.542135244289E12,-0.1282716605772417,2.770667702842062,0.24720941086470136,5.950191564131655
1.542135245289E12,-0.10306996609021425,2.938667084829468,0.06848660738084834,5.997625664662131
1.542135246289E12,-0.1202012082861574,3.009538755655861,0.09918857286323625,6.117373648657647
1.542135247289E12,-0.03761861389089281,2.7363617841896515,0.3437984661235289,6.730936483677235
1.542135248289E12,-0.2621684669969233,4.463087203537198,0.3853808266688243,8.202559879092556
1.542135249249E12,-0.18150732604223024,4.632997415493681,0.43404184167915366,7.198966743121049
1.542135250329E12,-0.18055632553806547,4.24535627057357,0.1814392679073305,7.482891930310133
1.542135251289E12,-0.15261665204526073,3.54059768626239,0.13505039344903386,6.966504178899857
1.542135252289E12,-0.059728561719521435,3.3242870690881694,0.07782223002706647,7.01025837039565
1.542135253289E12,-0.042944167781734946,3.07405585748511,0.11794956285287303,7.655170595434988
1.542135254289E12,-0.09870040096469117,4.154293834383561,0.1938576225423649,8.690369496153544
1.542135255289E12,-0.07823146365668208,3.275187554952067,0.2168879590396695,8.67705257772073
1.542135256289E12,-0.13272358301153345,2.899800954328299,0.20826345857866663,9.143172486558361
1.542135257289E12,-0.10570888730330341,2.944170055203096,0.15876712472481425,9.939904622517275
1.542135258289E12,-0.12553785070014134,4.156423673982683,0.21920049056460444,10.730316754968248
1.542135259288E12,-0.062006770212720864,3.743819119625481,0.23523760466679558,11.324969713975925
1.542135260329E12,-0.09584029323714273,3.191517620387551,0.3649035657923124,12.320093456539542
1.542135261289E12,-0.158529937414194,3.661365323317401,0.29509261286520905,12.934083238349345
1.542135262289E12,-0.11103030564686284,3.999179998360735,0.33357806413228286,13.421328795650227
1.542135263289E12,-0.06049272573671886,3.513886932656706,0.32597748232954693,13.839664580148911
1.542135264289E12,-0.20610889057174092,4.117154336530553,0.5334550571694966,12.543832806093613
1.542135265289E12,-0.040226548353473404,3.7387233755584246,0.5422196006573986,13.110495860640183
1.542135266289E12,-0.051466803890677225,4.985102176181266,0.4872595262569779,12.885484715906944
1.542135267289E12,-0.06000397469519095,5.810220716589941,0.22643527006523073,14.567581992300639
1.542135268289E12,0.04741419724669973,5.724506242231109,0.06799250865566249,14.544212644861565
1.542135269289E12,-0.014939245673397302,5.448453438026183,0.09890916956613932,14.45143501500476
1.542135270328E12,0.049211562412714634,5.768173123513723,0.1762299328993513,14.72079584400139
1.542135271289E12,0.02229536162011217,5.362249878209427,0.1180774407225747,14.738184572309452
1.542135272289E12,-0.020027847467659395,5.446804133122501,0.16664455944571005,14.822147644988195
1.542135273289E12,0.024847522312883844,5.436504697786538,0.11756024805077768,14.596920381316544
1.542135274289E12,0.04079757682892453,5.614819502302741,0.15693672553034954,15.115884359725513
1.542135275289E12,0.09231096641058134,6.1496367300896555,0.39411192397474953,12.81577894832248
1.542135276329E12,0.10280294494851976,6.363742311200818,0.21415464387418334,14.702783552090684
1.542135277329E12,0.12343405837094869,6.569870782598212,0.2618359052452692,15.029981694152069
1.542135278289E12,0.20934767715310712,6.059442819337098,0.25812318845293136,15.127526971076698
1.542135279289E12,0.12468578396530042,6.104052028247801,0.08453819339998131,14.627758518273053
1.542135280329E12,0.22437820401552755,6.050939434257528,0.0863450704631626,14.471500796817402
1.542135281289E12,0.08378601643186512,6.2000863573402825,0.10304790688140038,14.441277740563686
1.542135282329E12,0.1431886255950833,6.259407337946919,0.15037094669177142,13.929678213221747
1.542135283289E12,0.08929942279297515,5.638099425278257,0.2192162336992051,13.820921327701896
1.542135284289E12,0.07826593572022024,5.449956794934688,0.17727530436306918,13.786078150400852
1.542135285289E12,-0.04525894826000379,6.091764413807576,0.40843633704508775,12.233817524654315
1.542135286289E12,-0.029805103867723445,5.740891045775369,0.28758587033381444,13.619585930025652
1.542135287329E12,0.012813621902122405,5.141879815661229,0.1869181505355715,13.407294988534302
1.542135288289E12,0.07768569498817074,4.770556856378492,0.17140197258307593,12.967014279446206
1.542135289289E12,0.11109587292893613,5.01260052386059,0.10136823331152012,12.475815376373632
1.542135290329E12,0.013820216814438034,5.576233440779517,0.19482148888201925,12.271611110545706
1.542135291289E12,-0.0013784869530672076,5.949065011412459,0.23894664222269715,10.801934090989619
1.542135292289E12,0.06316803064132107,5.605477494943738,0.1600761483170381,12.30323108206396
1.542135293289E12,0.028331800342420697,5.369537287867014,0.1701825646281873,11.89513273575798
1.542135294288E12,-0.04360786865303493,4.819749687529194,0.16638677650119643,12.23450232088452
1.542135295289E12,0.002455004861507854,4.7736474625914385,0.34703951564429947,10.268442156732354
1.542135296289E12,0.026385013845875518,4.970371571246718,0.13419804394611162,11.069831540326302
1.542135297289E12,-0.0012110988451759837,4.8213785324692555,0.0978857695048415,11.329740949955605
1.542135298289E12,0.10389285585666705,4.224003350862734,0.15091680979330563,11.453998861041594
1.542135299291E12,0.14707757678729536,4.194100379824436,0.04434176532247972,11.001749365819737
1.542135300329E12,0.09324662193088658,4.200828206574617,0.1416258757268244,11.103717897297576
1.542135301289E12,0.11505395813272003,4.173160306866662,0.12781218325052018,11.71683469516486
1.542135302329E12,0.16060484882834475,5.003553691096049,0.12398227502029484,11.332883498826662
1.542135303289E12,0.20971810740140492,4.6041790848647945,0.04157338897621464,11.241460476593113
1.542135304329E12,0.24840288547457942,4.4856912056778455,0.038288157333515135,10.369654417973008
1.542135305289E12,0.318650613050286,4.325535685885091,0.15066284212892012,9.8862649625128
1.542135306329E12,0.42041222983953463,3.881197408214102,0.13236292039832206,10.692035754044943
1.542135307304E12,0.4414140213631922,3.81604975583875,0.06827806325923176,10.29156375866319
1.542135308329E12,0.46570799813129643,3.8075992027153456,0.025608697836480423,9.862618324963481
1.542135309289E12,0.39453227072100855,4.027358192379728,0.03414064655935525,9.64232892121253
1.542135310329E12,0.4506341782569626,4.666724136420848,0.017052475076904085,9.134733013799785
1.542135311289E12,0.42081921138669137,4.287764119395579,0.055810067227870096,8.30717080291808
1.542135312289E12,0.5029056395788261,3.3904053140765713,0.030907655786496572,8.02561708741652
1.542135313289E12,0.3815660433449529,3.038774484737279,0.14152217722119348,8.611524254058024
1.542135314289E12,0.3944882677346733,3.768126901165155,0.10212725821891806,9.533152149090876
1.542135315289E12,0.33647561684323724,3.259976479212736,0.07989498468266312,9.678792286107532
1.542135316289E12,0.30475758924735963,3.5662463209444075,0.026878836968313075,9.306579257775935
1.542135317289E12,0.3324243182932936,3.6846911041828103,0.09813895813481781,8.643434658491222
1.542135318289E12,0.32503361285198146,3.2122953238778718,0.0698438940862908,7.611070440947418
1.542135319289E12,0.4167489071787729,3.5284747737827997,0.10093531635893943,7.652010521498239
1.542135320329E12,0.45246887533657026,3.2794045899820814,0.20394138103211704,8.072214616949635
1.542135321289E12,0.541709110858367,3.2404326723723025,0.16816064639889003,8.323623756295564
1.542135322289E12,0.45889661830779904,3.4389225037264914,0.18842040224812867,8.532854446455634
1.542135323289E12,0.41199374488686474,3.2451585231513285,0.030667364751664195,7.223646823812
1.542135324289E12,0.39954475507128234,3.139895107331208,0.1426468981865293,6.5116688535701375
1.542135325289E12,0.42879191773388203,3.456009186584983,0.1268384183547949,7.240271332574269
1.542135326289E12,0.39560932473828303,3.5692967218411686,0.04230687102646233,7.5344351284581625
1.542135327289E12,0.31038755401456314,3.614369121961462,0.019286139332468206,7.451503294956127
1.542135328289E12,0.38724376501304153,3.8906344430844464,0.06720645684747957,7.08171624223891
1.542135329249E12,0.3685581987252172,3.663937598359871,0.12113762828996057,7.084854907033552
1.542135330329E12,0.35477942063754314,3.640363875699453,-0.07973428903298223,5.682100738755177
1.542135331289E12,0.38794706409494534,3.601160435911109,-0.025866299669317906,5.066392950248396
1.542135332289E12,0.2575228493406392,4.5317150780154165,-0.005436280860311085,5.3267999613702415
1.542135333289E12,0.3197502753264646,4.173645865925163,0.10165434210017057,6.396599105819395
1.542135334289E12,0.3163332300237504,3.782890295691198,0.09989849698105627,5.019614179845247
1.542135335289E12,0.3791835322187055,4.098875090915956,0.1711861162880779,5.44443567755046
1.542135336289E12,0.41230153603183745,3.7715691214874276,0.09242652892125108,4.8867181833034765
1.542135337289E12,0.31186690715658166,3.2762086532043653,-0.05634728932828018,5.028176663552086
1.542135338289E12,0.3137983271241572,3.1936051751117143,-0.052806876760289924,3.6695107953759805
1.542135339289E12,0.31671485572939173,3.6599029839339927,0.04509938290756234,4.4765174722524845
1.542135340329E12,0.25772908078078804,3.4169778742529386,0.007638365808353304,4.1102441978438975
1.542135341289E12,0.36514415369854236,3.9523445876576635,-0.014980049916346555,3.963331414861793
1.542135342289E12,0.33185562830693766,4.1320169040020085,0.0960582369573914,4.559248818612745
1.542135343289E12,0.35149004495118896,3.712985525188052,-0.05498505016897354,3.545442870502855
1.542135344289E12,0.4653997290717295,3.6880386296685184,-0.09752610190536967,3.7515922262535915
1.542135345289E12,0.3501773510571606,3.0793331021189037,-0.018904784843941286,3.318325252725675
1.542135346289E12,0.451445930043017,2.8280231655069565,-0.017623686884457708,2.9164875014999687
1.542135347289E12,0.36221284875620363,2.4910030254745905,0.04573328083712547,2.964028698851378
1.542135348289E12,0.39314181061100256,2.3486278436783263,0.09206726433693459,4.398854118329543
1.542135349289E12,0.40523848370117804,2.4508042735450823,0.06941362511722088,4.359882651215048
1.542135350329E12,0.4001779376257568,1.9588105872387584,0.002523001484895661,4.97775853413066
1.542135351289E12,0.4070726673334996,2.3183242126953947,-0.031163984526951984,4.452221761163511
1.542135352289E12,0.35727352530750894,2.138549426374186,-0.08643380431589039,4.36739458095229
1.542135353291E12,0.3368991608178337,2.177243602002088,0.048669659222866105,3.4116971049901945
1.542135354289E12,0.33802592152876076,2.267970154220604,0.16650752249488732,4.663565827646324
1.542135355289E12,0.2996180614583297,1.8216982470695218,0.13124502965693952,3.8953106280991983
1.542135356289E12,0.2817699811370125,1.8604724845335,0.2413336266645134,5.049634022075045
1.542135357289E12,0.2882724587215122,1.8214558460325179,0.11625046358288327,5.120686271736728
1.542135358289E12,0.2507694902161726,1.8452836399790142,0.1770174005097698,5.7847248457691265
1.542135359249E12,0.31372383079916644,1.8782968183890454,0.2278730768189713,6.154174159464221
1.542135360329E12,0.2173527240553096,1.8659755497332629,0.30036730816598534,7.400902081276525
1.542135361289E12,0.15913928751692513,2.065806323564403,0.3537285902884125,5.564304112065673
1.542135362289E12,0.1444702211576825,2.1969269713310724,0.38513022040329387,6.633959621412068
1.542135363289E12,0.09034362943351441,2.3537983661169646,0.34542974190132497,6.2145829600866795
1.542135364289E12,0.15799648605027194,2.317024631655677,0.2395350590812205,4.310078972962066
1.542135365289E12,0.1475281528958998,4.768985598678679,0.24909040807858077,4.573988199179142
1.542135366289E12,0.0972587190259253,3.863144039792311,0.22967854222884113,5.844858152271248
1.542135367289E12,0.06244111521747434,3.875568829886245,0.2168619324084539,4.3294742099632835
1.542135368289E12,0.11961142279528313,4.189859900862521,0.12927042777134953,4.660296957538653
1.542135369289E12,0.05614798888372379,4.04667591823651,0.3326915079842747,4.907825216486322
1.542135370409E12,0.012655545313089272,4.381206575557496,0.472295290453615,6.632237027362959
1.542135371289E12,0.04928398228715513,3.1437794062161935,0.23375970686769854,8.98077856246828
1.542135372289E12,-0.022233269236595354,3.562331072606016,0.1167177658085222,8.800915782831284
1.542135373289E12,-0.11697652993509233,4.767578162301696,0.12309665697934272,8.80829557572394
1.542135374289E12,-0.13358860813911977,4.79044959898216,0.2388967507009527,8.09288563186507
1.542135375289E12,-0.25479581940220997,4.898000894107034,0.2734956422968732,8.406506051036837
1.542135376289E12,-0.1721759961477792,4.757918054551626,0.1403274741771342,9.24316272621155
1.542135377289E12,-0.21581248329893243,4.071335317613075,0.10127750421648495,10.073655403188338
1.542135378289E12,-0.21926102531055108,4.128637569758903,0.1919765815388868,11.002620993672911
1.542135379289E12,-0.10308855106106532,4.2157548503207805,0.09000080589842756,11.217068070544837
1.542135380329E12,-0.05721947919015169,5.338205997867675,0.11972272588709304,11.575685314392482
1.542135381289E12,-0.0943897286994325,6.288626791510282,0.17817059812128969,11.986332597366607
1.542135382289E12,-0.1644526628720754,6.942390194007724,0.21410010700480595,12.56842020188144
1.542135383289E12,-0.07557067619311489,5.655812094240703,0.1926480745136242,13.080407156408326
1.542135384289E12,-0.0700224200697979,5.58743131197207,0.12816362175897622,13.714309428829246
1.542135385289E12,-0.026132282350830243,6.088667815973826,0.16131339431476563,14.35036852927371
1.542135386289E12,0.020753727266982963,6.338019930984317,0.24321766057581448,14.5376222645762
1.542135387289E12,-0.06978270653878499,7.165056179194392,0.2848353172992997,15.434499909936905
1.542135388329E12,0.06213131925849218,6.544960282710831,0.335246255956608,15.708963459605327
1.542135389289E12,0.12322550466177422,5.318905963095905,0.3141965484423611,15.489427255080077
1.542135390329E12,0.20040287584894007,6.910810207925117,0.2574627800381439,15.825021114617597
1.542135391289E12,0.37778034728269805,5.808132724859162,0.26928619094956496,16.310481078442535
1.542135392289E12,0.18352311230979274,6.93050642516188,0.18701875505027543,16.49357463644493
1.542135393289E12,0.2714988920036516,5.833734425662723,0.17546924301103606,16.138986059498663
1.542135394289E12,0.24050203734060183,5.4006415850012965,0.3681476171344976,16.38520017092786
1.542135395289E12,0.2856121910299578,5.909998140621473,0.39026648922414164,16.562775361469907
1.542135396289E12,0.19150535048410006,6.150315602168349,0.3311837109234088,16.125305426288538
1.542135397289E12,0.22041071538839127,7.103616796231283,0.296958433946066,16.26567121320812
1.542135398289E12,0.1876667809545652,7.077274631685374,0.24971112393623357,16.293899865424184
1.542135399289E12,0.08111615161234083,7.480423289953371,0.20744810215274875,15.871975899228488
1.542135400329E12,0.09148873506481332,7.405064627160082,-0.0899248927741602,16.145890808198683
1.542135401289E12,0.16493880397788144,6.901379170001532,-0.040574374084333696,15.98497593042064
1.542135402289E12,0.19501033487460953,6.823798732971502,0.095961776198085,15.667955452033183
1.542135403289E12,0.26897174312900063,5.463387512578569,0.22465117748846256,15.941435947188841
1.542135404289E12,0.27568043089178795,5.27290524323455,0.6045365653992649,14.495872183056829
1.542135405289E12,0.1739884274167043,6.041966851279252,0.44016955466612573,15.911226373852426
1.542135406289E12,0.21115741175500483,5.876156479761864,0.2913462481844379,15.345970191503218
1.542135407289E12,0.1708771978915625,5.549974165867727,0.3666977626826879,15.371479653816865
1.542135408289E12,0.11817184038880174,5.784228221712069,0.41192794890784296,15.045700495034112
1.542135409249E12,0.14650200290113255,5.6758732107783585,0.3674030102611629,15.122503369609179
1.542135410329E12,0.1793815966539727,5.888568021108206,0.28149418791735237,14.80126482007536
1.542135411289E12,0.16878853941737187,6.924125987972241,0.23418172226084988,14.115846443787149
1.542135412289E12,0.1258122941626386,7.024866798823381,0.21875910123323963,13.861520953349626
1.542135413289E12,0.17885731406594016,6.814056739345894,0.2405670543889897,13.351333207941812
1.542135414289E12,0.11878735264760663,7.175526477651995,0.24744448954908385,13.544295414469206
1.542135415289E12,0.1644421033980247,5.754486102412508,0.2660634541047878,13.354541170327272
1.542135416289E12,0.16438924396870766,5.2438515932474,0.25370873517565645,13.342443833749353
1.542135417289E12,0.17710028648905604,5.136433600919714,0.1767060415960433,12.811126062813985
1.542135418289E12,0.21181420734716255,5.201399701011626,0.1722653989398029,12.650789201541516
1.542135419249E12,0.23080773976504776,5.676541063146125,0.10388857668568713,12.63888728184276
1.542135420329E12,0.26954684771483595,6.449551723288064,0.10928921558349027,12.371035695074688
1.542135421289E12,0.23138973222582546,6.034457341099876,0.19791663143800067,11.645044989449275
1.542135422289E12,0.16629488861261352,6.220425444558355,0.29539856893321265,12.065010899959974
1.542135423689E12,0.30954583971078015,5.083727292461116,0.48879486214755413,12.831390365036615
1.542135424289E12,0.25929600567924155,4.796901787495499,0.5625948665213555,12.727992026210453
1.542135425289E12,0.26212550180549943,4.932740205175291,0.5689161539264432,13.144922946381579
1.542135426289E12,0.24124872545506582,4.758786275713309,0.5547881984064914,12.872193129683904
1.542135427289E12,0.29851808013982006,4.57320090639133,0.47964229812606823,11.942434838149731
1.542135428289E12,0.37121000306636426,4.618528390607814,0.4408889794222877,11.927318956832341
1.542135429289E12,0.3106120151769423,4.138507269810461,0.41523830596618416,11.879580128256398
1.542135430329E12,0.2311811666765281,4.165911364867644,0.27346272804298205,10.460880840109638
1.542135431289E12,0.286690191337908,4.049939572867409,0.1836985114952772,9.381686940417353
1.542135432289E12,0.2217177387301679,4.1269924368070985,0.17091575150873203,9.147443245757046
1.542135433289E12,0.20911042704879662,4.010024448276607,0.24591956581229152,8.809364310648391
1.542135434289E12,0.24234193819212116,3.682919687109884,0.25743904851171556,8.989546120488791
1.542135435289E12,0.2085588552977698,3.654461354503248,0.3038866818844685,9.534312010725605
1.542135436289E12,0.1616270522414583,2.879067632069596,0.4140368370962435,8.56266035998235
1.542135437289E12,0.1821305640721022,3.51887159164819,0.3275728689328778,8.601627182146625
1.542135438849E12,0.25410520655178825,3.9469154729227762,0.345870334535759,9.172576713089809
1.542135439289E12,0.22112879370533695,4.068669626605278,0.28613595024998195,9.162485914651585
1.542135440329E12,0.3623185521393416,4.5311043404855855,0.17359176052232117,9.132463092580208
1.542135441289E12,0.2786551409767956,3.9941995217010047,0.28965194003601996,8.080291718444439
1.542135442289E12,0.2537249341340359,4.098254258191569,0.2970440034159086,7.898109613739515
1.542135443289E12,0.34077623173882227,3.5521657791885413,0.4538110403601063,8.432891305690314
1.542135444289E12,0.39366473754202413,3.4061745996339714,0.5134150833183909,8.377227643459477
1.542135445289E12,0.3882155569162696,3.9234317046057545,0.4265367451019794,7.243833846717572
1.542135446289E12,0.42377059658520577,3.5993722926051674,0.3433403834181689,6.764567945506441
1.542135447289E12,0.33622803127593776,3.4775074269592565,0.35608147340169494,6.8021677023073535
1.542135448289E12,0.3600846429844962,3.4229198251057578,0.3515722723879324,7.2289648446280586
1.542135449249E12,0.2959069946507507,3.723358857769495,0.3048589355623395,6.347628139071629
1.542135450329E12,0.32860286086425056,3.149009722022147,0.3581045292308394,5.314024974799269
1.542135451289E12,0.32468519839438986,3.0262740007708935,0.43795404052577735,7.734618317395144
1.542135452289E12,0.28685372070558923,3.2648014125949314,0.34435777257137895,6.66428504711469
1.542135453289E12,0.24074234199441735,3.533010024214613,0.17424139113956488,6.205857243587803
1.542135454289E12,0.1928836553810773,3.6594213712214128,0.2052675055872298,6.398341478653494
1.542135455289E12,0.2500757770668538,3.500228398227071,0.29760869637830056,6.883689613465027
1.542135456289E12,0.20005046353041267,3.3771934574772238,0.24387953707921675,6.6834209105033215
1.542135457289E12,0.1507406342615448,3.1337994936029405,0.46172041285602916,8.291291771571558
1.542135458289E12,0.08352706875462797,3.135820131179218,0.433768209518762,7.810991187743644
1.542135459249E12,0.20861122681222422,3.2043644723919447,0.16212721965568827,6.169538224243486
1.542135460329E12,0.09736184690404301,3.0771002195988126,0.1130718853991625,5.691738810256849
1.542135461289E12,-0.027804760344222433,3.061959004315129,0.33688679307551356,3.926583657965555
1.542135462289E12,0.01168113175042163,2.559649490724626,0.33560069462460224,5.131093819880271
1.542135463289E12,0.016600541593439495,2.444280165992834,0.33622576410550126,5.228361917674455
1.542135464329E12,-0.044784464576464934,2.439418108386316,0.38785851359689133,6.5044229240437845
1.542135465289E12,0.011315910253925992,2.4932420082063467,0.3781834780273046,5.696542316246776
1.542135466329E12,-0.04600048192708547,3.9486686209639386,0.22526344932757472,4.091450415273457
1.542135467289E12,0.04870848543257547,3.181785607202787,0.26589326059223417,3.89979428254391
1.542135468289E12,-0.036634927916241906,2.7230092491290177,0.27273677457753076,4.0773797645006935
1.542135469289E12,0.0135408813208632,2.860868280653757,0.46591314107854437,6.635309121641948
1.542135470329E12,0.033728812530960744,2.3839679523249555,0.4612285955518132,6.08704600876107
1.542135471329E12,0.09785975040601877,2.123817874590826,0.46538202938762624,6.026043619797776
1.542135472304E12,0.015018528850856964,2.4251973081125975,0.475529189665387,5.914727164958748
1.542135473329E12,0.016382992216653836,2.7153442842806395,0.5580627669771434,6.590088129102462
1.542135474289E12,-0.006259988606260847,3.551861942422488,0.4587188001265329,5.267200274714082
1.542135475329E12,-0.023093435457537108,3.6833415654223987,0.13313189583239834,5.447399525598604
1.542135476329E12,0.05581667657389257,3.2731953726007,0.2921932602345545,4.536383766629904
1.542135477304E12,-0.025525851614679396,3.214973015770485,0.3609722586949962,4.559289569911187
1.542135478329E12,0.12188172368210605,2.2460747059944794,0.5715772426679773,7.264016119403919
1.542135479289E12,0.05799146207576512,1.9740625617236007,0.5379764244849464,7.925269745108153
1.542135480329E12,0.06825850536051306,2.3623282703779998,0.37836496078909465,8.508681937129232
1.542135481304E12,0.14599596403189588,2.313236144686011,0.570091614894357,8.027023662426238
1.542135482329E12,0.09232526512637387,2.224151697515914,0.42349969940259974,7.472361932607765
1.542135483289E12,0.07716513978625765,2.640872689778394,0.3394116934419175,7.081188369429051
1.542135484329E12,0.12374919039084423,3.6549292799172193,0.09426333286126931,7.348284125138687
1.542135485289E12,-0.0024874318009509887,4.219182330747022,-0.0010725355048089049,7.197707977548588
1.542135486329E12,0.051851010106863216,3.863701430525358,0.01603569943444889,7.436511379875926
1.542135487289E12,-0.08254458960907554,2.945091031894928,0.06512207911359366,7.707837187145464
1.542135488329E12,0.09974684218747379,3.3963380259003166,0.14619047841557678,8.079329824312214
1.542135489289E12,0.11851701994534894,3.3857920963574664,0.08681473974138983,7.68115274309798
1.542135490329E12,0.09564608812390417,3.215399435308341,0.01298551704343143,8.041308557187735
1.542135491289E12,-0.019900412240849038,3.352594353357134,0.1184590143522374,8.426182438199175
1.542135492289E12,-0.01667937067025341,2.824751093952372,0.2322878606904324,8.843804289342833
1.542135493289E12,0.06457352777289897,2.6775515039023916,0.3302251785786548,10.150193281105974
1.542135494329E12,0.04446251671486021,2.8184297870261164,0.17993421182766345,9.406472998578886
1.542135495329E12,0.07581201969438003,2.8489572755913444,0.08451725391678468,9.328289760161374
1.542135496289E12,-0.04206830259167241,3.373280401706338,0.1769826417775093,9.826178564998187
1.542135497288E12,-0.0018772829926016988,3.195570423369885,0.26036811943633037,9.777159831297851
1.542135498304E12,-0.016476912218268677,2.88683769326618,0.31072174792458296,10.099284442862258
1.542135499289E12,-0.004438401659350493,3.3282254647330154,0.2823820370032877,10.468928376006202
1.542135500329E12,0.02356152584445294,3.7356823104454406,0.2942479510955966,10.137128749491191
1.542135501329E12,0.06428609921301322,3.5144415002775133,0.20685525597844534,10.025508432756537
1.542135502304E12,0.028210359565439776,3.351247736266932,0.20873771276544129,10.016282475938802
1.542135503289E12,-0.02923951037409811,2.7665353812753293,0.34140471021239216,10.172651072804948
1.542135504329E12,-0.06792802688381515,2.6720274540918774,0.41271392551245173,10.964828381851694
1.542135505329E12,0.010072995801974436,3.1051785746644422,0.436937108290667,10.899597091810584
1.542135506289E12,-0.0191376192408161,3.098548772846886,0.4418693668077339,10.910879946689708
1.542135507288E12,0.09239507085011878,3.1815540999456524,0.5374980671197088,8.866840175457435
1.542135508329E12,0.10099103240969629,2.9700422547403567,0.36637760160567767,6.936349510060345
1.542135509289E12,0.09126606477185517,2.7236329080545896,0.32051817734799615,7.195461089174365
1.542135510329E12,0.08689916438179321,3.033475097412916,0.38867609755869936,7.425932032531206
1.542135511289E12,0.003935233779944125,3.4862952356026664,0.3693756360691377,7.588371352744958
1.542135512329E12,0.07037790712353331,3.320937346433611,0.39265304360691894,7.66666805609016
1.542135513288E12,0.040977343253595505,3.1431065522282036,0.36259121441115144,7.769193526738497
1.542135514289E12,0.0704332366412513,3.373394813436253,0.17418053930432648,8.684778385243021
1.542135515289E12,0.09852868571419941,2.9482342039743936,0.1845597657425271,8.150368226626815
1.542135516289E12,-0.00898478932374722,3.0398212391618937,0.3399326471075429,7.15145338066238
1.542135517288E12,0.04811762339106022,3.063255931865039,0.22337264647376467,8.073823716349803
1.542135518289E12,-0.0016608465653629426,3.2665970722961752,0.23344323039523446,8.62568027937422
1.542135519289E12,-0.008706466400644344,3.050470590194848,0.4923408647339321,6.406970237648613
1.542135520369E12,-0.0027344836375568786,3.1777298578866047,0.5369828384671339,6.875640622686674
1.542135521289E12,-2.0874262025349544E-4,2.8674191131202877,0.5853723884924429,6.999965407242549
1.542135522289E12,0.0179109450700629,3.576809454432825,0.645633957610138,7.444265965049427
1.542135523289E12,-0.009910719279934362,3.0683644311776828,0.6314811358194407,7.971269228048276
1.542135524289E12,0.001301927929051868,2.9322658682833787,0.2892741077469022,8.88367444487334
1.542135525289E12,-0.019489472797941162,3.2603219022592262,0.32953579276824096,6.20923200645275
1.542135526289E12,-0.038331340173733096,3.8427475879259663,0.11465184657355804,7.147931825252978
1.542135527289E12,0.032814595503188354,3.44840915132936,0.3971125788073735,8.194837093538386
1.542135528289E12,0.08277028492152955,3.7621137961359947,0.4540897933975281,8.701897786753445
1.542135529249E12,0.01787447504957887,3.8389924564533215,0.47766994910931365,8.674445080898574
1.542135530288E12,0.022247583668008757,3.834559907126073,0.2611330313215527,7.711901917083176
1.542135531289E12,0.07123050765458773,3.8146195810943295,0.21812418675417214,7.149005674850242
1.542135532289E12,-0.039184749192479405,4.81769067883085,0.3030131171189402,7.816275641954871
1.542135533289E12,-0.01074953312452633,4.139954331491052,0.11882299443451821,6.199854676906033
1.542135534289E12,0.08761082930614612,4.627354982290826,0.11323059592641845,5.7116188652108
1.542135535289E12,0.055802572851911064,2.8588177810929873,0.12348425633150287,5.164864015096072
1.542135536289E12,0.08015291083341,3.3542906263241306,0.14041723056487995,4.091336309087437
1.542135537289E12,0.14042266395259553,2.945716443088465,0.04898900002056778,4.8064462397984595
1.542135538303E12,0.03226151381322748,3.8577801015394355,0.061819928256972766,4.223049596359528
1.542135539249E12,0.09866747502040883,3.5866711831564486,0.17405651874787936,4.598350601444689
1.542135540289E12,0.05124307574432145,3.3484516449574153,0.07635577468431233,3.236108150079841
1.542135541289E12,-0.003293129183974993,2.9806649166869787,0.14901350237695338,3.927357979797329
1.542135542289E12,0.007646818381283287,3.5562034896847745,0.21337318711155925,4.529615333884344
1.542135543289E12,0.08222554468061594,2.99570711352154,0.2545104189589122,4.725523915584215
1.542135544289E12,-0.04362811034450367,2.5844205274674206,0.12268800887145179,4.219301334567205
1.542135545289E12,0.0381909612389487,2.7197425796092576,0.19076070596021452,3.780778893149423
1.542135546289E12,-0.05641531803582148,2.3922237679535003,0.07138041934550976,4.4164804291993365
1.542135547289E12,0.0015733826452684002,2.5193795135395303,0.030938979709491537,4.1374337783038575
1.542135548289E12,-0.08990022264952417,2.579045895184797,0.0700483181924008,3.4121857359044587
1.542135549249E12,0.06611303792829774,2.8903971726774267,0.11663289723674777,3.4518649781015838
1.542135550328E12,-0.05004670484912027,2.349811764878438,0.13146011287122789,3.5585666754298813
1.542135551289E12,-0.031998389268456384,1.9627439095496813,-0.03700279238938107,2.7078492421764886
1.542135552289E12,-0.04078536876037705,2.309717858590697,-0.030491487062750445,2.366307182285486
1.542135553289E12,-0.05843089511234897,2.2935994498767873,-0.019458425086961023,1.4195972688734917
1.542135554289E12,-0.11000104865359947,2.656916710150213,0.005001978967603006,1.907564868916589
1.542135555329E12,-0.19119149466030122,3.1772152718567397,0.11651337719369495,3.445453666835538
1.542135556289E12,-0.1839074191561035,3.6043351070228167,0.15689148457506524,4.110043583378289
1.542135557288E12,-0.14905360238149348,3.4208018980644193,0.23627691070172324,5.893103995779486
1.542135558329E12,-0.25861206968696837,3.4499502785429526,0.25572709578107355,6.0676259069508784
1.542135559288E12,-0.24876959304143434,3.6001953987783706,0.28309189692994946,7.091868180563116
1.542135560329E12,-0.21462156826521403,2.665368418710954,0.16904862275157492,6.971482687623905
1.542135561329E12,-0.18755349059118973,2.2539741672499214,0.23617015810191905,7.265805954432707
1.542135562304E12,-0.17025029541815154,2.8714857720719222,0.2347936869864021,6.720326797057137
1.542135563304E12,-0.18575969451526742,2.0013116806376505,0.21137223990635043,5.7373368080817775
1.542135564289E12,-0.23267738081481956,2.2360351152971463,0.16965739033743313,5.054910378788799
1.542135565289E12,-0.11349003346960002,2.0893349491825206,0.07748118162295317,4.596928574445505
1.542135566329E12,-0.06342290516009956,2.5923309755930704,0.1982023440961273,5.970695053950319
1.542135567329E12,-0.09731814028175892,2.0442426178823627,0.24490017798895958,6.735828979418305
1.542135568329E12,-0.03490964383401982,1.992822082585389,0.1525414357882274,6.604268399680112
1.542135569288E12,-0.054203730464522676,2.0622623142078633,0.10929453065913879,6.515366562860153
1.542135570303E12,-0.07957320763451191,3.321455935753627,0.17611725142015966,7.226884009391499
1.542135571303E12,-0.08609083582590109,2.8315723759554943,0.054795672215214634,7.731224279929077
1.54213557233E12,-0.11152888639220764,2.1570855042579975,0.06746015498787211,7.7152910151180585
1.542135573303E12,-0.11008388962957336,3.087020251061936,0.03271513809333841,8.865737562971532
1.542135574304E12,-0.18458921114418197,3.8448650029972247,0.1345360896315298,10.058666868613262
1.542135575288E12,-0.26608128592534186,4.596709482653129,0.21146166224314225,11.209746982715886
1.542135576303E12,-0.23077076408031053,4.694108064047258,0.24962523717943247,11.839273807068887
1.542135577289E12,-0.21086870376041586,3.8039435253047245,0.20115760803992425,12.093406770911413
1.542135578289E12,-0.1955966192893669,3.5940116454607742,0.1513298443025963,12.172555112816536
1.542135579249E12,-0.1444518200909616,4.325200369082447,0.20036665689464878,12.383358524077721
1.542135580369E12,-0.14355176449431262,4.923715844001703,0.12045043400522921,12.869026373406816
1.542135581289E12,-0.0642650931047242,5.022250098963434,0.13385544594603638,13.592008476528935
1.542135582289E12,-0.10185088087326756,4.872989367843495,0.1473226768046503,13.964031264233421
1.542135583289E12,-0.12522268931139055,5.179922613808699,0.18500097591185466,13.972890021451944
1.542135584289E12,-0.15526254467710499,4.346194047787668,0.2648187766590529,14.428571565743095
1.542135585289E12,-0.10740603498304871,4.419189603197381,0.4112545045724994,15.306655621158814
1.542135586289E12,-0.10631145342688549,4.812636661090783,0.32575341509973826,15.035193495109409
1.542135587289E12,-0.1651152817825444,5.25716593872398,0.18353803321184717,14.581178781654534
1.542135588289E12,-0.05105249940531723,4.75102382913491,0.20646742707978263,14.67592839215999
1.542135589249E12,-0.11198399924986638,4.7162032435892,0.16938098750696012,14.594186779768762
1.542135590328E12,-0.18635983192211944,4.585345198266559,0.30226663514091767,14.985071968710088
1.542135591289E12,-0.2217319743134884,5.2541994789501105,0.35628748002592897,15.650044357758143
1.542135592289E12,-0.08908175458822384,4.348459312158407,0.33085926915232894,15.353483490695872
1.542135593289E12,-0.08975850494498472,4.807495256574527,0.2900640580915856,15.157663683131881
1.542135594289E12,-0.1877958728291805,4.626429206808282,0.25311178595768496,14.552345625522529
1.542135595289E12,-0.15593753685973283,4.885788838895463,0.30693495240592056,14.833148143947401
1.542135596289E12,-0.13000437792479197,4.48008987078031,0.40484644836188755,14.970527382235234
1.542135597289E12,-0.07125894790578369,4.488181989816638,0.5056834028811187,15.086669594503768
1.542135598289E12,-0.10030403667346237,5.58474288175178,0.5924199388386412,12.941563966304097
1.542135599289E12,-0.16245055253262114,5.534986044349861,0.35862329787411684,14.580326969569729
1.542135600288E12,-0.09482731999247328,5.626303132298829,0.32252146124922665,14.420814656635404
1.542135601289E12,-0.11477121903014699,4.881316266728593,0.27742193865798626,13.741031071169884
1.542135602289E12,-0.11711182428998125,5.486241167024384,0.15004227819747296,13.393157778202958
1.542135603289E12,-0.12747090798523358,5.83310273948615,0.2500030048695683,13.137521603158154
1.542135604289E12,-0.12681103158071516,5.476611962354801,0.1215179116434992,12.822775213096486
1.542135605289E12,-0.09761923077908427,5.277809717412913,0.121778562086738,12.677666110124703
1.542135606289E12,-0.13722884017422654,5.884729552023621,0.06725650190412853,12.249413040894172
1.542135607289E12,-0.0029154617836073845,5.698714366394076,0.09124583312953982,12.359699423509266
1.542135608289E12,-0.001452007411180562,5.371853968351496,0.2326116955904561,11.90162756783109
1.542135609289E12,0.06356128002395854,4.791854953394932,0.2200932163342722,11.745442783872535
1.542135610329E12,0.055038528617010356,4.255585771112242,0.3557946043639042,10.479465411850413
1.542135611289E12,0.06293497089576168,4.649635622983611,0.34143998442256424,12.82427245615264
1.542135612289E12,-0.0663938040827694,4.052262338381101,0.4984045403118949,12.818994418711114
1.542135613289E12,0.030779884816906,3.6634888349105705,0.5485921129796775,11.117945933577976
1.542135614289E12,0.06525084865477807,3.401784946275043,0.5409806098316206,10.929561195603466
1.542135615289E12,0.08982294477661175,3.7100632207848507,0.26682196802875185,11.562210088168882
1.542135616289E12,0.07200985250293232,3.446428180317814,0.39106478455191396,9.139462857294808
1.542135617289E12,0.004531143445835482,3.570326852964979,0.44428028960084637,9.177595969627808
1.542135618289E12,0.035327541164360356,3.3718973952897358,0.23081334642153536,9.615512439097357
1.542135619289E12,0.01615614380116535,2.6769577323725606,0.16562665506401458,9.21443177639145
1.542135620329E12,-0.003519183839998012,2.7259290202767086,0.32041241395816333,7.882062298793579
1.542135621289E12,0.01419075442194046,3.2237353020290636,0.36628436813344084,7.470450372577097
1.542135622289E12,0.10303259410922277,2.8909798181333697,0.2838633388109717,6.593743225113832
1.542135623289E12,0.13129514942587567,3.5287396382776093,0.24402591401083823,6.86669304685103
1.542135624289E12,0.08607659078405926,3.171479333870187,0.29848206956883794,5.521415086863908
1.542135625289E12,0.04318820001686558,3.4580003031127893,0.19647938399756446,5.5511551407566975
1.542135626289E12,0.17244190885676358,3.423243672489457,0.045307723142344714,7.487216773780592
1.542135627289E12,0.0754186607677513,1.901446967578284,0.10432374280722098,7.432368305108176
1.542135628289E12,0.13630493571544672,3.1952994910195724,0.33351012873182007,6.662102332906457
1.542135629289E12,0.08820921282655124,3.3011552149465957,0.3229540210215125,8.3393595851823
1.542135630328E12,0.04529897997148537,3.5272147894144137,0.23526139455574516,8.245316903316793
1.542135631289E12,0.16947768373919964,3.47466921258108,0.3039263010732796,8.322305512040138
1.542135632289E12,-0.003130945668230793,3.182689760406099,0.6372723705729625,7.163322860393968
1.542135633289E12,0.08948374440130535,2.9451476716462817,0.5622572509165606,7.2586957323476575
1.542135634289E12,0.17068044285079997,3.1172910251683383,0.41883352131652946,6.077893895647662
1.542135635289E12,0.08519897704995405,3.974246246065276,0.0892484308503546,6.31705753067293
1.542135636289E12,0.07919328591901104,3.4938801160809403,0.1792025162238731,5.949108092423079
1.542135637289E12,0.10802680241956425,3.2794795177887663,0.2021484158312205,6.468541445831263
1.542135638289E12,0.09612258252391792,2.878125909122377,0.38893338316725456,5.260272033838051
1.542135639289E12,0.06610123933638304,2.6086735102777103,0.28666716870140074,6.113653681036648
1.542135640332E12,0.03771553595654214,2.574574086266198,0.2992737652761058,6.895729184989517
1.542135641289E12,0.06673699509864664,2.4379645350227257,0.26219715981572184,7.6323225155378
1.542135642289E12,0.06393974769238549,2.564071730911425,0.2572938043751019,7.703180219268363
1.542135643289E12,0.08159350397498219,2.886623325384885,0.32249244272831035,6.535390892230969
1.542135644289E12,0.12939419942150876,2.8609759100071215,0.09070248019046848,4.442684238576388
1.542135645289E12,0.17406858233637215,3.376617396671267,0.17551058837905315,3.613631416557372
1.542135646289E12,0.13081174637632675,3.379979772459626,0.23938163187486683,5.392758699689599
1.542135647289E12,0.1094403367767713,2.770481297957057,0.31602324215324257,6.453850807157961
1.542135648289E12,0.03298770147682787,2.643666776371241,0.318958043187901,7.299977393491976
1.542135649289E12,0.11399897726637767,2.394769172922028,0.3667923617223183,6.312114749847802
1.542135650329E12,0.10097326834146707,2.6494453438867334,0.3564767434775435,5.728367097229178
1.542135651329E12,0.062090490772925784,2.150023393252671,0.07467967768367324,3.6576077304590164
1.542135652289E12,0.00426222082942094,3.388646449974391,0.23044844078472876,5.116729674915745
1.542135653289E12,0.08456574390091746,3.334999843729871,0.2541441014421918,4.598172727914622
1.542135654289E12,-0.049404352834558164,1.950321010422999,0.11181992108112421,3.723733859030858
1.542135655329E12,0.03605486337830874,1.6924373592459583,0.10929735542367187,3.442159890716997
1.542135656289E12,-0.010542077040971364,1.5721936491367055,0.09855096325389166,2.6302225139128668
1.542135657289E12,0.04562441955751015,1.614022957108179,0.13087309239699108,2.131715451910254
1.542135658289E12,0.05251774433919702,1.0337827266077635,0.08731988661169256,1.7981824152531367
1.542135659289E12,0.03339445577016808,0.8540500812668581,0.14935862172755213,1.8336448271310972
1.542135660329E12,-0.0,0.0,0.0,0.0
1.542135661289E12,-0.04769370525833141,0.7999895952438486,0.031359116131645215,1.768093314099327
1.542135662289E12,-0.05938678672386313,1.3108057439536314,0.1421429374802491,3.370563413951592
