,fill,run,ls,nb,sec,msec,acqflag,step,beam,ip,scanstatus,plane,progress,nominal_separation,read_nominal_B1sepPlane,read_nominal_B1xingPlane,read_nominal_B2sepPlane,read_nominal_B2xingPlane,set_nominal_B1sepPlane,set_nominal_B1xingPlane,set_nominal_B2sepPlane,set_nominal_B2xingPlane,atlas_totInst,nominal_separation_plane,bpm_5LDOROS_B1Names,bpm_5LDOROS_B1hPos,bpm_5LDOROS_B1vPos,bpm_5LDOROS_B1hErr,bpm_5LDOROS_B1vErr,bpm_5RDOROS_B1Names,bpm_5RDOROS_B1hPos,bpm_5RDOROS_B1vPos,bpm_5RDOROS_B1hErr,bpm_5RDOROS_B1vErr,bpm_5LDOROS_B2Names,bpm_5LDOROS_B2hPos,bpm_5LDOROS_B2vPos,bpm_5LDOROS_B2hErr,bpm_5LDOROS_B2vErr,bpm_5RDOROS_B2Names,bpm_5RDOROS_B2hPos,bpm_5RDOROS_B2vPos,bpm_5RDOROS_B2hErr,bpm_5RDOROS_B2vErr,totsize,publishnnb,datasourceid,algoid,channelid,payloadtype,bstar5,xingHmurad
0,7483,327463,197,60,1543466391,883,1,1,3,32,ACQUIRING,CROSSING,10,-0.0802834406495,-0.0590795688331,0.00894089974463,0.0590795688331,-0.00894089974463,0.0,-0.0401417203248,-0.0,0.0401417203248,0,CROSSING,LHC.BPM.1L5.B1_D,-2806.28881836,-1495.50073242,1082.78955078,629.650939941,LHC.BPM.1R5.B1_D,3415.18603516,-1761.11584473,1376.88708496,614.529052734,LHC.BPM.1L5.B2_D,4125.65576172,-1449.0814209,1641.82641602,607.898254395,LHC.BPM.1R5.B2_D,-3719.14648438,-1935.52099609,1444.19335938,713.370361328,266,4,2,0,0,11,50,160
1,7483,327463,197,64,1543466393,295,1,1,3,32,ACQUIRING,CROSSING,8,-0.0802834406495,-0.0590795688331,0.00894089974463,0.0590795688331,-0.00894089974463,0.0,-0.0401417203248,-0.0,0.0401417203248,0,CROSSING,LHC.BPM.1L5.B1_D,-2806.02539062,-1495.88354492,1083.11694336,629.888122559,LHC.BPM.1R5.B1_D,3414.82055664,-1760.59619141,1377.26416016,614.313354492,LHC.BPM.1L5.B2_D,4128.95019531,-1448.57885742,1643.05969238,607.849060059,LHC.BPM.1R5.B2_D,-3722.58056641,-1935.8894043,1445.37731934,713.423156738,266,4,2,0,0,11,50,160
2,7483,327463,198,4,1543466394,814,1,1,3,32,ACQUIRING,CROSSING,7,-0.0802834406495,-0.0590795688331,0.00894089974463,0.0590795688331,-0.00894089974463,0.0,-0.0401417203248,-0.0,0.0401417203248,0,CROSSING,LHC.BPM.1L5.B1_D,-2808.32275391,-1495.75097656,1130.12414551,549.545410156,LHC.BPM.1R5.B1_D,3417.23510742,-1760.77490234,1322.10009766,777.023132324,LHC.BPM.1L5.B2_D,4126.66601562,-1449.04833984,1611.8762207,535.983093262,LHC.BPM.1R5.B2_D,-3720.25561523,-1935.44494629,1492.6998291,817.510192871,266,4,2,0,0,11,50,160
3,7483,327463,198,8,1543466396,228,1,1,3,32,ACQUIRING,CROSSING,6,-0.0802834406495,-0.0590795688331,0.00894089974463,0.0590795688331,-0.00894089974463,0.0,-0.0401417203248,-0.0,0.0401417203248,0,CROSSING,LHC.BPM.1L5.B1_D,-2811.78271484,-1495.11535645,1130.31530762,549.632202148,LHC.BPM.1R5.B1_D,3420.75024414,-1761.43859863,1322.23815918,776.899169922,LHC.BPM.1L5.B2_D,4123.38232422,-1449.8170166,1612.08776855,536.200012207,LHC.BPM.1R5.B2_D,-3716.81225586,-1934.921875,1492.88903809,817.410888672,266,4,2,0,0,11,50,160
4,7483,327463,198,12,1543466397,741,1,1,3,32,ACQUIRING,CROSSING,4,-0.0802834406495,-0.0590795688331,0.00894089974463,0.0590795688331,-0.00894089974463,0.0,-0.0401417203248,-0.0,0.0401417203248,0,CROSSING,LHC.BPM.1L5.B1_D,-2809.32421875,-1496.1854248,1083.72192383,630.155639648,LHC.BPM.1R5.B1_D,3418.15600586,-1760.30554199,1377.86254883,614.071289062,LHC.BPM.1L5.B2_D,4124.58398438,-1448.93774414,1641.21984863,607.543457031,LHC.BPM.1R5.B2_D,-3717.91113281,-1935.70654297,1443.33569336,713.733581543,266,4,2,0,0,11,50,160
5,7483,327463,198,16,1543466399,154,1,1,3,32,ACQUIRING,CROSSING,3,-0.0802834406495,-0.0590795688331,0.00894089974463,0.0590795688331,-0.00894089974463,0.0,-0.0401417203248,-0.0,0.0401417203248,0,CROSSING,LHC.BPM.1L5.B1_D,-2808.57226562,-1497.86291504,1083.96582031,630.87121582,LHC.BPM.1R5.B1_D,3417.55566406,-1758.63549805,1378.17248535,613.338195801,LHC.BPM.1L5.B2_D,4122.89746094,-1447.92858887,1641.05419922,607.257324219,LHC.BPM.1R5.B2_D,-3716.40991211,-1936.78515625,1443.12023926,714.154907227,266,4,2,0,0,11,50,160
6,7483,327463,198,20,1543466400,566,1,1,3,32,ACQUIRING,CROSSING,1,-0.0802834406495,-0.0590795688331,0.00894089974463,0.0590795688331,-0.00894089974463,0.0,-0.0401417203248,-0.0,0.0401417203248,0,CROSSING,LHC.BPM.1L5.B1_D,-2808.46679688,-1497.12243652,1129.40661621,549.66003418,LHC.BPM.1R5.B1_D,3417.29174805,-1759.34033203,1321.25341797,776.872741699,LHC.BPM.1L5.B2_D,4122.59765625,-1448.4140625,1610.7097168,536.079772949,LHC.BPM.1R5.B2_D,-3715.79150391,-1936.13964844,1491.44519043,817.338256836,266,4,2,0,0,11,50,160
7,7483,327463,198,40,1543466407,930,1,3,3,32,ACQUIRING,CROSSING,10,-0.0669028684497,-0.0590795688331,0.0156311877072,0.0590795688331,-0.0156311877072,0.0,-0.0334514342248,-0.0,0.0334514342248,0,CROSSING,LHC.BPM.1L5.B1_D,-2800.05419922,-1495.3067627,1079.96276855,629.807678223,LHC.BPM.1R5.B1_D,3421.29589844,-1761.05981445,1379.19689941,614.439819336,LHC.BPM.1L5.B2_D,4120.83154297,-1448.55725098,1640.15356445,607.752685547,LHC.BPM.1R5.B2_D,-3726.72412109,-1935.81945801,1447.5267334,713.559509277,266,4,2,0,0,11,50,160
8,7483,327463,198,44,1543466409,344,1,3,3,32,ACQUIRING,CROSSING,9,-0.0669028684497,-0.0590795688331,0.0156311877072,0.0590795688331,-0.0156311877072,0.0,-0.0334514342248,-0.0,0.0334514342248,0,CROSSING,LHC.BPM.1L5.B1_D,-2798.47705078,-1497.60205078,1079.76818848,630.673461914,LHC.BPM.1R5.B1_D,3420.17089844,-1758.58984375,1379.06738281,613.434814453,LHC.BPM.1L5.B2_D,4122.81005859,-1446.640625,1641.02929688,607.088195801,LHC.BPM.1R5.B2_D,-3729.13110352,-1938.02600098,1448.55883789,714.30065918,266,4,2,0,0,11,50,160
9,7483,327463,198,48,1543466410,755,1,3,3,32,ACQUIRING,CROSSING,8,-0.0669028684497,-0.0590795688331,0.0156311877072,0.0590795688331,-0.0156311877072,0.0,-0.0334514342248,-0.0,0.0334514342248,0,CROSSING,LHC.BPM.1L5.B1_D,-2798.80322266,-1496.36694336,1125.99438477,549.266296387,LHC.BPM.1R5.B1_D,3420.56665039,-1759.87219238,1322.953125,777.213562012,LHC.BPM.1L5.B2_D,4122.36376953,-1447.35437012,1610.58081055,535.422729492,LHC.BPM.1R5.B2_D,-3728.73461914,-1937.11279297,1496.24401855,817.985778809,266,4,2,0,0,11,50,160
10,7483,327463,198,52,1543466412,269,1,3,3,32,ACQUIRING,CROSSING,6,-0.0669028684497,-0.0590795688331,0.0156311877072,0.0590795688331,-0.0156311877072,0.0,-0.0334514342248,-0.0,0.0334514342248,0,CROSSING,LHC.BPM.1L5.B1_D,-2798.72631836,-1494.55566406,1125.55236816,549.168029785,LHC.BPM.1R5.B1_D,3420.3112793,-1761.7833252,1322.56445312,777.310241699,LHC.BPM.1L5.B2_D,4121.2578125,-1448.14404297,1610.61816406,535.409118652,LHC.BPM.1R5.B2_D,-3727.74804688,-1936.0847168,1496.4029541,817.844238281,266,4,2,0,0,11,50,160
11,7483,327463,198,56,1543466413,682,1,3,3,32,ACQUIRING,CROSSING,5,-0.0669028684497,-0.0590795688331,0.0156311877072,0.0590795688331,-0.0156311877072,0.0,-0.0334514342248,-0.0,0.0334514342248,0,CROSSING,LHC.BPM.1L5.B1_D,-2798.99975586,-1495.88305664,1080.36706543,630.395324707,LHC.BPM.1R5.B1_D,3420.60644531,-1760.51672363,1379.49658203,613.84576416,LHC.BPM.1L5.B2_D,4120.88916016,-1446.98022461,1639.85632324,606.812011719,LHC.BPM.1R5.B2_D,-3727.50439453,-1937.45959473,1447.45446777,714.726501465,266,4,2,0,0,11,50,160
12,7483,327463,198,60,1543466415,197,1,3,3,32,ACQUIRING,CROSSING,3,-0.0669028684497,-0.0590795688331,0.0156311877072,0.0590795688331,-0.0156311877072,0.0,-0.0334514342248,-0.0,0.0334514342248,0,CROSSING,LHC.BPM.1L5.B1_D,-2800.44067383,-1497.41784668,1081.10681152,630.63861084,LHC.BPM.1R5.B1_D,3421.92041016,-1758.94702148,1380.23193359,613.516296387,LHC.BPM.1L5.B2_D,4117.85009766,-1445.85961914,1638.76098633,606.636657715,LHC.BPM.1R5.B2_D,-3724.01196289,-1938.83422852,1446.24890137,714.99987793,266,4,2,0,0,11,50,160
13,7483,327463,198,64,1543466416,609,1,3,3,32,ACQUIRING,CROSSING,2,-0.0669028684497,-0.0590795688331,0.0156311877072,0.0590795688331,-0.0156311877072,0.0,-0.0334514342248,-0.0,0.0334514342248,0,CROSSING,LHC.BPM.1L5.B1_D,-2800.74755859,-1496.99572754,1126.20178223,549.80255127,LHC.BPM.1R5.B1_D,3422.2109375,-1759.36157227,1323.10473633,776.732971191,LHC.BPM.1L5.B2_D,4117.26757812,-1445.98352051,1608.85266113,534.791320801,LHC.BPM.1R5.B2_D,-3723.68139648,-1938.56176758,1494.58935547,818.438537598,266,4,2,0,0,11,50,160
14,7483,327463,199,24,1543466425,398,1,5,3,32,ACQUIRING,CROSSING,10,-0.0535222925246,-0.0590795688331,0.0223214738071,0.0590795688331,-0.0223214738071,0.0,-0.0267611462623,-0.0,0.0267611462623,0,CROSSING,LHC.BPM.1L5.B1_D,-2793.54907227,-1496.02905273,1078.21520996,630.45526123,LHC.BPM.1R5.B1_D,3427.99414062,-1760.29003906,1382.41491699,613.809936523,LHC.BPM.1L5.B2_D,4115.0546875,-1446.49145508,1637.53723145,607.015014648,LHC.BPM.1R5.B2_D,-3734.26733398,-1938.00317383,1450.00793457,714.434631348,266,4,2,0,0,11,50,160
15,7483,327463,199,28,1543466426,813,1,5,3,32,ACQUIRING,CROSSING,9,-0.0535222925246,-0.0590795688331,0.0223214738071,0.0590795688331,-0.0223214738071,0.0,-0.0267611462623,-0.0,0.0267611462623,0,CROSSING,LHC.BPM.1L5.B1_D,-2794.63842773,-1497.28466797,1124.29187012,550.216674805,LHC.BPM.1R5.B1_D,3428.9597168,-1758.85083008,1326.26647949,776.051025391,LHC.BPM.1L5.B2_D,4113.98339844,-1445.54052734,1607.515625,534.07208252,LHC.BPM.1R5.B2_D,-3733.41625977,-1938.86755371,1498.54589844,819.265991211,266,4,2,0,0,11,50,160
16,7483,327463,199,32,1543466428,329,1,5,3,32,ACQUIRING,CROSSING,7,-0.0535222925246,-0.0590795688331,0.0223214738071,0.0590795688331,-0.0223214738071,0.0,-0.0267611462623,-0.0,0.0267611462623,0,CROSSING,LHC.BPM.1L5.B1_D,-2795.89526367,-1496.94421387,1124.9642334,550.08001709,LHC.BPM.1R5.B1_D,3430.24243164,-1759.18896484,1326.97924805,776.234924316,LHC.BPM.1L5.B2_D,4111.13427734,-1446.8079834,1606.30761719,534.829284668,LHC.BPM.1R5.B2_D,-3730.16625977,-1937.62854004,1497.11071777,818.468261719,266,4,2,0,0,11,50,160
17,7483,327463,199,36,1543466429,741,1,5,3,32,ACQUIRING,CROSSING,6,-0.0535222925246,-0.0590795688331,0.0223214738071,0.0590795688331,-0.0223214738071,0.0,-0.0267611462623,-0.0,0.0267611462623,0,CROSSING,LHC.BPM.1L5.B1_D,-2797.20629883,-1497.2355957,1079.62084961,630.555480957,LHC.BPM.1R5.B1_D,3431.67285156,-1758.92858887,1383.90100098,613.683898926,LHC.BPM.1L5.B2_D,4109.23779297,-1446.39611816,1635.01403809,606.933288574,LHC.BPM.1R5.B2_D,-3728.29223633,-1938.05993652,1447.40380859,714.594665527,266,4,2,0,0,11,50,160
18,7483,327463,199,40,1543466431,161,1,5,3,32,ACQUIRING,CROSSING,4,-0.0535222925246,-0.0590795688331,0.0223214738071,0.0590795688331,-0.0223214738071,0.0,-0.0267611462623,-0.0,0.0267611462623,0,CROSSING,LHC.BPM.1L5.B1_D,-2797.91821289,-1497.98925781,1079.58166504,630.883300781,LHC.BPM.1R5.B1_D,3432.42333984,-1758.16601562,1383.88903809,613.381408691,LHC.BPM.1L5.B2_D,4110.32861328,-1447.05187988,1635.55651855,607.407165527,LHC.BPM.1R5.B2_D,-3729.5715332,-1937.39782715,1447.95715332,714.119140625,266,4,2,0,0,11,50,160
19,7483,327463,199,44,1543466432,675,1,5,3,32,ACQUIRING,CROSSING,3,-0.0535222925246,-0.0590795688331,0.0223214738071,0.0590795688331,-0.0223214738071,0.0,-0.0267611462623,-0.0,0.0267611462623,0,CROSSING,LHC.BPM.1L5.B1_D,-2797.58227539,-1497.18347168,1125.29333496,549.712524414,LHC.BPM.1R5.B1_D,3432.30297852,-1759.01342773,1327.48205566,776.61340332,LHC.BPM.1L5.B2_D,4109.18017578,-1447.93139648,1605.74084473,535.571411133,LHC.BPM.1R5.B2_D,-3728.25585938,-1936.56665039,1496.54711914,817.765319824,266,4,2,0,0,11,50,160
20,7483,327463,199,48,1543466434,87,1,5,3,32,ACQUIRING,CROSSING,1,-0.0535222925246,-0.0590795688331,0.0223214738071,0.0590795688331,-0.0223214738071,0.0,-0.0267611462623,-0.0,0.0267611462623,0,CROSSING,LHC.BPM.1L5.B1_D,-2799.01391602,-1497.33837891,1126.16809082,550.238220215,LHC.BPM.1R5.B1_D,3433.69726562,-1758.79382324,1328.3203125,776.098693848,LHC.BPM.1L5.B2_D,4108.87304688,-1448.04272461,1605.7520752,535.264648438,LHC.BPM.1R5.B2_D,-3728.03710938,-1936.31066895,1496.71008301,818.00970459,266,4,2,0,0,11,50,160
21,7483,327463,200,4,1543466441,366,1,7,3,32,ACQUIRING,CROSSING,10,-0.0401417203248,-0.0590795688331,0.0290117617697,0.0590795688331,-0.0290117617697,0.0,-0.0200708601624,-0.0,0.0200708601624,0,CROSSING,LHC.BPM.1L5.B1_D,-2791.31591797,-1498.17053223,1077.30480957,630.745666504,LHC.BPM.1R5.B1_D,3438.77148438,-1757.80871582,1386.67358398,613.291503906,LHC.BPM.1L5.B2_D,4103.31738281,-1446.23962402,1632.74572754,606.98828125,LHC.BPM.1R5.B2_D,-3735.41308594,-1938.18237305,1450.2166748,714.495666504,266,4,2,0,0,11,50,160
22,7483,327463,200,8,1543466442,880,1,7,3,32,ACQUIRING,CROSSING,9,-0.0401417203248,-0.0590795688331,0.0290117617697,0.0590795688331,-0.0290117617697,0.0,-0.0200708601624,-0.0,0.0200708601624,0,CROSSING,LHC.BPM.1L5.B1_D,-2791.65869141,-1497.81359863,1122.91162109,550.352722168,LHC.BPM.1R5.B1_D,3439.14160156,-1758.11853027,1330.11035156,776.011047363,LHC.BPM.1L5.B2_D,4102.00585938,-1446.53930664,1602.9440918,534.897338867,LHC.BPM.1R5.B2_D,-3734.06713867,-1937.85388184,1498.93334961,818.425170898,266,4,2,0,0,11,50,160
23,7483,327463,200,12,1543466444,298,1,7,3,32,ACQUIRING,CROSSING,7,-0.0401417203248,-0.0590795688331,0.0290117617697,0.0590795688331,-0.0290117617697,0.0,-0.0200708601624,-0.0,0.0200708601624,0,CROSSING,LHC.BPM.1L5.B1_D,-2792.14086914,-1497.81848145,1123.25268555,550.476928711,LHC.BPM.1R5.B1_D,3439.57495117,-1758.09716797,1330.4473877,775.845031738,LHC.BPM.1L5.B2_D,4100.42675781,-1446.55285645,1602.5645752,534.820678711,LHC.BPM.1R5.B2_D,-3732.42553711,-1938.06396484,1498.53051758,818.501403809,266,4,2,0,0,11,50,160
24,7483,327463,200,16,1543466445,816,1,7,3,32,ACQUIRING,CROSSING,6,-0.0401417203248,-0.0590795688331,0.0290117617697,0.0590795688331,-0.0290117617697,0.0,-0.0200708601624,-0.0,0.0200708601624,0,CROSSING,LHC.BPM.1L5.B1_D,-2791.99804688,-1498.05102539,1077.25219727,630.815979004,LHC.BPM.1R5.B1_D,3439.53686523,-1757.80114746,1386.67480469,613.211303711,LHC.BPM.1L5.B2_D,4100.23388672,-1446.54467773,1631.71679688,607.069152832,LHC.BPM.1R5.B2_D,-3732.17163086,-1938.08337402,1449.10595703,714.602600098,266,4,2,0,0,11,50,160
25,7483,327463,200,20,1543466447,228,1,7,3,32,ACQUIRING,CROSSING,4,-0.0401417203248,-0.0590795688331,0.0290117617697,0.0590795688331,-0.0290117617697,0.0,-0.0200708601624,-0.0,0.0200708601624,0,CROSSING,LHC.BPM.1L5.B1_D,-2791.61303711,-1498.46289062,1076.84912109,631.11907959,LHC.BPM.1R5.B1_D,3439.25390625,-1757.44104004,1386.38769531,612.974731445,LHC.BPM.1L5.B2_D,4098.9609375,-1446.60021973,1631.1986084,607.120483398,LHC.BPM.1R5.B2_D,-3730.88842773,-1937.88366699,1448.59277344,714.469543457,266,4,2,0,0,11,50,160
26,7483,327463,200,24,1543466448,641,1,7,3,32,ACQUIRING,CROSSING,3,-0.0401417203248,-0.0590795688331,0.0290117617697,0.0590795688331,-0.0290117617697,0.0,-0.0200708601624,-0.0,0.0200708601624,0,CROSSING,LHC.BPM.1L5.B1_D,-2791.59228516,-1498.31896973,1123.34350586,550.393737793,LHC.BPM.1R5.B1_D,3439.27270508,-1757.46533203,1330.53137207,775.830993652,LHC.BPM.1L5.B2_D,4099.58300781,-1446.63171387,1602.5592041,534.843322754,LHC.BPM.1R5.B2_D,-3731.44604492,-1938.10681152,1498.46179199,818.661865234,266,4,2,0,0,11,50,160
27,7483,327463,200,28,1543466450,157,1,7,3,32,ACQUIRING,CROSSING,2,-0.0401417203248,-0.0590795688331,0.0290117617697,0.0590795688331,-0.0290117617697,0.0,-0.0200708601624,-0.0,0.0200708601624,0,CROSSING,LHC.BPM.1L5.B1_D,-2792.00512695,-1498.19042969,1123.21411133,550.555358887,LHC.BPM.1R5.B1_D,3439.55175781,-1757.7487793,1330.38598633,775.763916016,LHC.BPM.1L5.B2_D,4100.69091797,-1446.8861084,1602.82885742,534.971435547,LHC.BPM.1R5.B2_D,-3732.7878418,-1937.88842773,1498.89807129,818.676757812,266,4,2,0,0,11,50,160
28,7483,327463,200,52,1543466458,835,1,9,3,32,ACQUIRING,CROSSING,9,-0.0267611462623,-0.0590795688331,0.0357020497322,0.0590795688331,-0.0357020497322,0.0,-0.0133805731311,-0.0,0.0133805731311,0,CROSSING,LHC.BPM.1L5.B1_D,-2789.84008789,-1498.72131348,1122.41931152,550.614501953,LHC.BPM.1R5.B1_D,3450.52880859,-1757.05041504,1334.76428223,775.76184082,LHC.BPM.1L5.B2_D,4091.31054688,-1447.77734375,1599.06213379,535.639526367,LHC.BPM.1R5.B2_D,-3736.53222656,-1936.61340332,1500.19726562,817.901245117,266,4,2,0,0,11,50,160
29,7483,327463,200,56,1543466460,348,1,9,3,32,ACQUIRING,CROSSING,8,-0.0267611462623,-0.0590795688331,0.0357020497322,0.0590795688331,-0.0357020497322,0.0,-0.0133805731311,-0.0,0.0133805731311,0,CROSSING,LHC.BPM.1L5.B1_D,-2789.72094727,-1498.99658203,1122.29394531,550.897155762,LHC.BPM.1R5.B1_D,3450.37304688,-1756.68200684,1334.62243652,775.451171875,LHC.BPM.1L5.B2_D,4091.51611328,-1447.83422852,1599.01184082,535.399597168,LHC.BPM.1R5.B2_D,-3736.74267578,-1936.67248535,1500.09680176,818.144042969,266,4,2,0,0,11,50,160
30,7483,327463,200,60,1543466461,759,1,9,3,32,ACQUIRING,CROSSING,7,-0.0267611462623,-0.0590795688331,0.0357020497322,0.0590795688331,-0.0357020497322,0.0,-0.0133805731311,-0.0,0.0133805731311,0,CROSSING,LHC.BPM.1L5.B1_D,-2789.22314453,-1498.83691406,1076.04138184,631.030639648,LHC.BPM.1R5.B1_D,3449.92431641,-1756.88024902,1390.72668457,612.905639648,LHC.BPM.1L5.B2_D,4091.70239258,-1448.3717041,1628.57434082,607.949279785,LHC.BPM.1R5.B2_D,-3737.03955078,-1936.12756348,1451.40625,713.441711426,266,4,2,0,0,11,50,160
31,7483,327463,200,64,1543466463,273,1,9,3,32,ACQUIRING,CROSSING,5,-0.0267611462623,-0.0590795688331,0.0357020497322,0.0590795688331,-0.0357020497322,0.0,-0.0133805731311,-0.0,0.0133805731311,0,CROSSING,LHC.BPM.1L5.B1_D,-2788.21337891,-1497.0826416,1075.44897461,630.249206543,LHC.BPM.1R5.B1_D,3449.04858398,-1758.58068848,1390.10168457,613.532226562,LHC.BPM.1L5.B2_D,4094.63305664,-1449.28955078,1629.61755371,608.149597168,LHC.BPM.1R5.B2_D,-3739.88525391,-1935.23815918,1452.46777344,713.348815918,266,4,2,0,0,11,50,160
32,7483,327463,201,4,1543466464,688,1,9,3,32,ACQUIRING,CROSSING,4,-0.0267611462623,-0.0590795688331,0.0357020497322,0.0590795688331,-0.0357020497322,0.0,-0.0133805731311,-0.0,0.0133805731311,0,CROSSING,LHC.BPM.1L5.B1_D,-2787.62255859,-1496.45678711,1121.61364746,549.803344727,LHC.BPM.1R5.B1_D,3448.33959961,-1759.15722656,1333.98840332,776.629272461,LHC.BPM.1L5.B2_D,4095.24194336,-1449.06152344,1600.77478027,535.746520996,LHC.BPM.1R5.B2_D,-3740.70751953,-1935.2845459,1501.94604492,817.583129883,266,4,2,0,0,11,50,160
33,7483,327463,201,8,1543466466,201,1,9,3,32,ACQUIRING,CROSSING,2,-0.0267611462623,-0.0590795688331,0.0357020497322,0.0590795688331,-0.0357020497322,0.0,-0.0133805731311,-0.0,0.0133805731311,0,CROSSING,LHC.BPM.1L5.B1_D,-2787.19018555,-1495.76806641,1121.45922852,549.704040527,LHC.BPM.1R5.B1_D,3447.85253906,-1759.99157715,1333.86694336,776.796020508,LHC.BPM.1L5.B2_D,4097.90527344,-1448.53967285,1601.40429688,535.544921875,LHC.BPM.1R5.B2_D,-3743.72851562,-1935.57397461,1503.04553223,817.662780762,266,4,2,0,0,11,50,160
34,7483,327463,201,12,1543466467,615,1,9,3,32,ACQUIRING,CROSSING,1,-0.0267611462623,-0.0590795688331,0.0357020497322,0.0590795688331,-0.0357020497322,0.0,-0.0133805731311,-0.0,0.0133805731311,0,CROSSING,LHC.BPM.1L5.B1_D,-2786.82861328,-1496.01062012,1075.00622559,630.004577637,LHC.BPM.1R5.B1_D,3447.38916016,-1759.81396484,1389.5065918,613.890380859,LHC.BPM.1L5.B2_D,4099.27929688,-1447.99255371,1632.17834473,607.515625,LHC.BPM.1R5.B2_D,-3745.06811523,-1936.1003418,1454.82470703,713.916748047,266,4,2,0,0,11,50,160
35,7483,327463,201,32,1543466474,885,1,11,3,32,ACQUIRING,CROSSING,10,-0.0133805731311,-0.0590795688331,0.0423923358321,0.0590795688331,-0.0423923358321,0.0,-0.00669028656557,-0.0,0.00669028656557,0,CROSSING,LHC.BPM.1L5.B1_D,-2778.03930664,-1494.58056641,1117.7121582,549.007202148,LHC.BPM.1R5.B1_D,3451.41210938,-1761.0880127,1335.00671387,777.353942871,LHC.BPM.1L5.B2_D,4096.62158203,-1444.01342773,1600.6262207,533.85559082,LHC.BPM.1R5.B2_D,-3756.15966797,-1940.17126465,1507.75378418,819.524230957,266,4,2,0,0,11,50,160
36,7483,327463,201,36,1543466476,403,1,11,3,32,ACQUIRING,CROSSING,8,-0.0133805731311,-0.0590795688331,0.0423923358321,0.0590795688331,-0.0423923358321,0.0,-0.00669028656557,-0.0,0.00669028656557,0,CROSSING,LHC.BPM.1L5.B1_D,-2782.09912109,-1493.44665527,1119.60961914,548.692871094,LHC.BPM.1R5.B1_D,3455.67651367,-1762.27832031,1337.0300293,777.732727051,LHC.BPM.1L5.B2_D,4092.89404297,-1444.31494141,1599.12976074,534.12298584,LHC.BPM.1R5.B2_D,-3752.43261719,-1940.02099609,1506.17871094,819.379638672,266,4,2,0,0,11,50,160
37,7483,327463,201,40,1543466477,816,1,11,3,32,ACQUIRING,CROSSING,7,-0.0133805731311,-0.0590795688331,0.0423923358321,0.0590795688331,-0.0423923358321,0.0,-0.00669028656557,-0.0,0.00669028656557,0,CROSSING,LHC.BPM.1L5.B1_D,-2783.76391602,-1493.12219238,1074.46325684,628.747558594,LHC.BPM.1R5.B1_D,3457.40966797,-1762.63586426,1394.28137207,615.197021484,LHC.BPM.1L5.B2_D,4092.77099609,-1444.58642578,1629.35974121,606.267089844,LHC.BPM.1R5.B2_D,-3752.19677734,-1939.89221191,1457.33813477,715.229858398,266,4,2,0,0,11,50,160
38,7483,327463,201,44,1543466479,330,1,11,3,32,ACQUIRING,CROSSING,6,-0.0133805731311,-0.0590795688331,0.0423923358321,0.0590795688331,-0.0423923358321,0.0,-0.00669028656557,-0.0,0.00669028656557,0,CROSSING,LHC.BPM.1L5.B1_D,-2778.51513672,-1492.47302246,1071.34008789,628.523681641,LHC.BPM.1R5.B1_D,3451.76757812,-1763.21911621,1390.89587402,615.437988281,LHC.BPM.1L5.B2_D,4097.73681641,-1444.06848145,1631.47839355,605.947265625,LHC.BPM.1R5.B2_D,-3757.29101562,-1940.13671875,1459.59741211,715.38470459,266,4,2,0,0,11,50,160
39,7483,327463,201,48,1543466480,742,1,11,3,32,ACQUIRING,CROSSING,4,-0.0133805731311,-0.0590795688331,0.0423923358321,0.0590795688331,-0.0423923358321,0.0,-0.00669028656557,-0.0,0.00669028656557,0,CROSSING,LHC.BPM.1L5.B1_D,-2776.23168945,-1492.17712402,1116.78393555,548.172424316,LHC.BPM.1R5.B1_D,3449.57495117,-1763.33337402,1334.21691895,778.052001953,LHC.BPM.1L5.B2_D,4099.29541016,-1444.0880127,1602.203125,534.04888916,LHC.BPM.1R5.B2_D,-3758.97998047,-1940.16101074,1509.3260498,819.448974609,266,4,2,0,0,11,50,160
40,7483,327463,201,52,1543466482,155,1,11,3,32,ACQUIRING,CROSSING,3,-0.0133805731311,-0.0590795688331,0.0423923358321,0.0590795688331,-0.0423923358321,0.0,-0.00669028656557,-0.0,0.00669028656557,0,CROSSING,LHC.BPM.1L5.B1_D,-2775.84960938,-1493.04589844,1117.03674316,548.313659668,LHC.BPM.1R5.B1_D,3449.20361328,-1762.53173828,1334.52709961,777.957458496,LHC.BPM.1L5.B2_D,4101.31542969,-1443.9588623,1602.58483887,534.098999023,LHC.BPM.1R5.B2_D,-3760.82275391,-1940.45092773,1509.61560059,819.558837891,266,4,2,0,0,11,50,160
41,7483,327463,201,56,1543466483,670,1,11,3,32,ACQUIRING,CROSSING,1,-0.0133805731311,-0.0590795688331,0.0423923358321,0.0590795688331,-0.0423923358321,0.0,-0.00669028656557,-0.0,0.00669028656557,0,CROSSING,LHC.BPM.1L5.B1_D,-2776.27880859,-1493.05664062,1071.14257812,629.081176758,LHC.BPM.1R5.B1_D,3449.5168457,-1762.46166992,1390.56298828,614.843933105,LHC.BPM.1L5.B2_D,4101.19140625,-1444.03271484,1632.5970459,605.862854004,LHC.BPM.1R5.B2_D,-3760.81835938,-1940.34863281,1460.75463867,715.426757812,266,4,2,0,0,11,50,160
42,7483,327463,202,12,1543466490,938,1,13,3,32,ACQUIRING,CROSSING,10,0.0,-0.0590795688331,0.049082621932,0.0590795688331,-0.049082621932,0.0,0.0,-0.0,-0.0,0,CROSSING,LHC.BPM.1L5.B1_D,-2771.81518555,-1492.8651123,1115.19714355,548.487731934,LHC.BPM.1R5.B1_D,3457.96191406,-1762.54394531,1337.80786133,777.706359863,LHC.BPM.1L5.B2_D,4093.81616211,-1444.47741699,1599.61560059,534.135131836,LHC.BPM.1R5.B2_D,-3766.40673828,-1939.73840332,1511.49060059,819.204833984,266,4,2,0,0,11,50,160
43,7483,327463,202,16,1543466492,351,1,13,3,32,ACQUIRING,CROSSING,9,0.0,-0.0590795688331,0.049082621932,0.0590795688331,-0.049082621932,0.0,0.0,-0.0,-0.0,0,CROSSING,LHC.BPM.1L5.B1_D,-2771.78344727,-1492.96643066,1115.33605957,548.630004883,LHC.BPM.1R5.B1_D,3458.3918457,-1762.40429688,1337.85119629,777.553283691,LHC.BPM.1L5.B2_D,4094.75097656,-1444.80505371,1600.45214844,534.153076172,LHC.BPM.1R5.B2_D,-3767.60864258,-1939.3692627,1512.17285156,819.229614258,266,4,2,0,0,11,50,160
44,7483,327463,202,20,1543466493,865,1,13,3,32,ACQUIRING,CROSSING,7,0.0,-0.0590795688331,0.049082621932,0.0590795688331,-0.049082621932,0.0,0.0,-0.0,-0.0,0,CROSSING,LHC.BPM.1L5.B1_D,-2771.96411133,-1493.10876465,1069.44885254,628.815246582,LHC.BPM.1R5.B1_D,3458.5534668,-1762.24584961,1394.38818359,615.099365234,LHC.BPM.1L5.B2_D,4095.30493164,-1444.72692871,1630.09594727,606.363708496,LHC.BPM.1R5.B2_D,-3768.32617188,-1939.47619629,1464.12121582,715.090637207,266,4,2,0,0,11,50,160
45,7483,327463,202,24,1543466495,276,1,13,3,32,ACQUIRING,CROSSING,6,0.0,-0.0590795688331,0.049082621932,0.0590795688331,-0.049082621932,0.0,0.0,-0.0,-0.0,0,CROSSING,LHC.BPM.1L5.B1_D,-2772.5390625,-1492.94677734,1069.93212891,628.790161133,LHC.BPM.1R5.B1_D,3459.02856445,-1762.50085449,1394.84814453,615.173950195,LHC.BPM.1L5.B2_D,4094.91821289,-1444.08813477,1629.57531738,605.837097168,LHC.BPM.1R5.B2_D,-3768.05249023,-1940.00830078,1463.66357422,715.604187012,266,4,2,0,0,11,50,160
46,7483,327463,202,28,1543466496,789,1,13,3,32,ACQUIRING,CROSSING,4,0.0,-0.0590795688331,0.049082621932,0.0590795688331,-0.049082621932,0.0,0.0,-0.0,-0.0,0,CROSSING,LHC.BPM.1L5.B1_D,-2772.79736328,-1493.08093262,1115.52038574,548.633117676,LHC.BPM.1R5.B1_D,3459.46630859,-1762.41296387,1338.12304688,777.615966797,LHC.BPM.1L5.B2_D,4093.97412109,-1443.12353516,1599.93237305,533.413146973,LHC.BPM.1R5.B2_D,-3767.10449219,-1940.94177246,1511.68688965,819.881225586,266,4,2,0,0,11,50,160
47,7483,327463,202,32,1543466498,205,1,13,3,32,ACQUIRING,CROSSING,3,0.0,-0.0590795688331,0.049082621932,0.0590795688331,-0.049082621932,0.0,0.0,-0.0,-0.0,0,CROSSING,LHC.BPM.1L5.B1_D,-2771.32885742,-1493.10473633,1114.84814453,548.614379883,LHC.BPM.1R5.B1_D,3457.9609375,-1762.14758301,1337.40612793,777.592956543,LHC.BPM.1L5.B2_D,4094.35327148,-1442.05041504,1600.22729492,533.041381836,LHC.BPM.1R5.B2_D,-3767.28393555,-1941.97998047,1511.80395508,820.179077148,266,4,2,0,0,11,50,160
48,7483,327463,202,36,1543466499,719,1,13,3,32,ACQUIRING,CROSSING,1,0.0,-0.0590795688331,0.049082621932,0.0590795688331,-0.049082621932,0.0,0.0,-0.0,-0.0,0,CROSSING,LHC.BPM.1L5.B1_D,-2771.13037109,-1493.42602539,1069.32556152,629.087524414,LHC.BPM.1R5.B1_D,3457.65820312,-1761.9029541,1394.17321777,614.793945312,LHC.BPM.1L5.B2_D,4093.91650391,-1441.78344727,1629.28186035,605.157714844,LHC.BPM.1R5.B2_D,-3766.83837891,-1942.27099609,1463.37731934,716.363098145,266,4,2,0,0,11,50,160
49,7483,327463,202,60,1543466508,406,1,15,3,32,ACQUIRING,CROSSING,9,0.0133805731311,-0.0590795688331,0.0557729080319,0.0590795688331,-0.0557729080319,0.0,0.00669028656557,-0.0,-0.00669028656557,0,CROSSING,LHC.BPM.1L5.B1_D,-2765.63867188,-1495.16149902,1112.9519043,549.327636719,LHC.BPM.1R5.B1_D,3465.93505859,-1759.59912109,1340.91296387,776.71685791,LHC.BPM.1L5.B2_D,4079.24926758,-1442.6394043,1593.74072266,533.877990723,LHC.BPM.1R5.B2_D,-3765.21826172,-1941.57556152,1510.90161133,819.85748291,266,4,2,0,0,11,50,160
50,7483,327463,202,64,1543466509,920,1,15,3,32,ACQUIRING,CROSSING,8,0.0133805731311,-0.0590795688331,0.0557729080319,0.0590795688331,-0.0557729080319,0.0,0.00669028656557,-0.0,-0.00669028656557,0,CROSSING,LHC.BPM.1L5.B1_D,-2766.19775391,-1495.3848877,1067.33105469,629.928771973,LHC.BPM.1R5.B1_D,3466.40454102,-1759.46191406,1397.57495117,613.761047363,LHC.BPM.1L5.B2_D,4077.30761719,-1443.01086426,1622.71252441,605.295532227,LHC.BPM.1R5.B2_D,-3762.99365234,-1941.22717285,1461.2722168,715.872619629,266,4,2,0,0,11,50,160
51,7483,327463,203,4,1543466511,335,1,15,3,32,ACQUIRING,CROSSING,6,0.0133805731311,-0.0590795688331,0.0557729080319,0.0590795688331,-0.0557729080319,0.0,0.00669028656557,-0.0,-0.00669028656557,0,CROSSING,LHC.BPM.1L5.B1_D,-2766.81201172,-1497.04748535,1067.63598633,630.602844238,LHC.BPM.1R5.B1_D,3467.2668457,-1757.8536377,1397.99304199,613.051574707,LHC.BPM.1L5.B2_D,4075.7097168,-1444.11938477,1622.4732666,606.213928223,LHC.BPM.1R5.B2_D,-3761.58129883,-1940.02185059,1461.03845215,715.004272461,266,4,2,0,0,11,50,160
52,7483,327463,203,8,1543466512,748,1,15,3,32,ACQUIRING,CROSSING,5,0.0133805731311,-0.0590795688331,0.0557729080319,0.0590795688331,-0.0557729080319,0.0,0.00669028656557,-0.0,-0.00669028656557,0,CROSSING,LHC.BPM.1L5.B1_D,-2767.88525391,-1497.39001465,1114.01220703,550.239135742,LHC.BPM.1R5.B1_D,3468.59912109,-1757.35083008,1342.26123047,775.770446777,LHC.BPM.1L5.B2_D,4074.34228516,-1445.74926758,1591.65319824,535.122741699,LHC.BPM.1R5.B2_D,-3759.79077148,-1938.39501953,1508.61535645,818.485290527,266,4,2,0,0,11,50,160
53,7483,327463,203,12,1543466514,261,1,15,3,32,ACQUIRING,CROSSING,4,0.0133805731311,-0.0590795688331,0.0557729080319,0.0590795688331,-0.0557729080319,0.0,0.00669028656557,-0.0,-0.00669028656557,0,CROSSING,LHC.BPM.1L5.B1_D,-2768.66748047,-1497.40795898,1113.81115723,550.367004395,LHC.BPM.1R5.B1_D,3469.34277344,-1757.23376465,1342.02429199,775.591308594,LHC.BPM.1L5.B2_D,4070.87695312,-1446.80212402,1590.56091309,535.041259766,LHC.BPM.1R5.B2_D,-3756.35595703,-1937.22143555,1507.56115723,818.348693848,266,4,2,0,0,11,50,160
54,7483,327463,203,16,1543466515,673,1,15,3,32,ACQUIRING,CROSSING,2,0.0133805731311,-0.0590795688331,0.0557729080319,0.0590795688331,-0.0557729080319,0.0,0.00669028656557,-0.0,-0.00669028656557,0,CROSSING,LHC.BPM.1L5.B1_D,-2769.31152344,-1498.13183594,1068.97094727,631.07043457,LHC.BPM.1R5.B1_D,3470.06640625,-1756.57629395,1399.40185547,612.621337891,LHC.BPM.1L5.B2_D,4069.68701172,-1446.37402344,1619.89404297,606.788024902,LHC.BPM.1R5.B2_D,-3755.22949219,-1937.69909668,1458.48925781,714.594787598,266,4,2,0,0,11,50,160
55,7483,327463,203,20,1543466517,187,1,15,3,32,ACQUIRING,CROSSING,1,0.0133805731311,-0.0590795688331,0.0557729080319,0.0590795688331,-0.0557729080319,0.0,0.00669028656557,-0.0,-0.00669028656557,0,CROSSING,LHC.BPM.1L5.B1_D,-2775.421875,-1498.96166992,1071.55078125,631.18951416,LHC.BPM.1R5.B1_D,3476.38818359,-1755.6998291,1402.04968262,612.440856934,LHC.BPM.1L5.B2_D,4064.41748047,-1446.98388672,1617.36804199,607.158508301,LHC.BPM.1R5.B2_D,-3749.67675781,-1937.15161133,1455.9453125,714.269470215,266,4,2,0,0,11,50,160
56,7483,327463,203,40,1543466524,469,1,17,3,32,ACQUIRING,CROSSING,10,0.0267611462623,-0.0590795688331,0.0624631978571,0.0590795688331,-0.0624631978571,0.0,0.0133805731311,-0.0,-0.0133805731311,0,CROSSING,LHC.BPM.1L5.B1_D,-2763.51147461,-1497.54516602,1111.95739746,550.265808105,LHC.BPM.1R5.B1_D,3477.25732422,-1757.07727051,1345.20153809,775.669067383,LHC.BPM.1L5.B2_D,4062.45556641,-1444.76428223,1587.47070312,533.997924805,LHC.BPM.1R5.B2_D,-3761.29272461,-1939.43066406,1509.59765625,819.334106445,266,4,2,0,0,11,50,160
57,7483,327463,203,44,1543466525,885,1,17,3,32,ACQUIRING,CROSSING,8,0.0267611462623,-0.0590795688331,0.0624631978571,0.0590795688331,-0.0624631978571,0.0,0.0133805731311,-0.0,-0.0133805731311,0,CROSSING,LHC.BPM.1L5.B1_D,-2763.39111328,-1497.33886719,1066.1529541,630.550415039,LHC.BPM.1R5.B1_D,3477.22753906,-1757.29187012,1401.88220215,613.126586914,LHC.BPM.1L5.B2_D,4062.75219727,-1444.22106934,1617.54614258,606.144836426,LHC.BPM.1R5.B2_D,-3761.62573242,-1939.81176758,1461.54943848,715.30682373,266,4,2,0,0,11,50,160
58,7483,327463,203,48,1543466527,401,1,17,3,32,ACQUIRING,CROSSING,7,0.0267611462623,-0.0590795688331,0.0624631978571,0.0590795688331,-0.0624631978571,0.0,0.0133805731311,-0.0,-0.0133805731311,0,CROSSING,LHC.BPM.1L5.B1_D,-2764.34057617,-1497.53942871,1066.64648438,630.662719727,LHC.BPM.1R5.B1_D,3478.05712891,-1757.0012207,1402.21203613,612.98236084,LHC.BPM.1L5.B2_D,4063.99023438,-1442.84912109,1618.05834961,605.660339355,LHC.BPM.1R5.B2_D,-3762.6730957,-1941.30419922,1462.01123047,715.760803223,266,4,2,0,0,11,50,160
59,7483,327463,203,52,1543466528,813,1,17,3,32,ACQUIRING,CROSSING,6,0.0267611462623,-0.0590795688331,0.0624631978571,0.0590795688331,-0.0624631978571,0.0,0.0133805731311,-0.0,-0.0133805731311,0,CROSSING,LHC.BPM.1L5.B1_D,-2764.34057617,-1497.53942871,1066.64648438,630.662719727,LHC.BPM.1R5.B1_D,3478.05712891,-1757.0012207,1402.21203613,612.98236084,LHC.BPM.1L5.B2_D,4063.99023438,-1442.84912109,1618.05834961,605.660339355,LHC.BPM.1R5.B2_D,-3762.6730957,-1941.30419922,1462.01123047,715.760803223,266,4,2,0,0,11,50,160
60,7483,327463,203,56,1543466530,228,1,17,3,32,ACQUIRING,CROSSING,6,0.0267611462623,-0.0590795688331,0.0624631978571,0.0590795688331,-0.0624631978571,0.0,0.0133805731311,-0.0,-0.0133805731311,0,CROSSING,LHC.BPM.1L5.B1_D,-2764.34057617,-1497.53942871,1066.64648438,630.662719727,LHC.BPM.1R5.B1_D,3478.05712891,-1757.0012207,1402.21203613,612.98236084,LHC.BPM.1L5.B2_D,4063.99023438,-1442.84912109,1618.05834961,605.660339355,LHC.BPM.1R5.B2_D,-3762.6730957,-1941.30419922,1462.01123047,715.760803223,266,4,2,0,0,11,50,160
61,7483,327463,203,60,1543466531,743,1,17,3,32,ACQUIRING,CROSSING,6,0.0267611462623,-0.0590795688331,0.0624631978571,0.0590795688331,-0.0624631978571,0.0,0.0133805731311,-0.0,-0.0133805731311,0,CROSSING,LHC.BPM.1L5.B1_D,-2764.34057617,-1497.53942871,1066.64648438,630.662719727,LHC.BPM.1R5.B1_D,3478.05712891,-1757.0012207,1402.21203613,612.98236084,LHC.BPM.1L5.B2_D,4063.99023438,-1442.84912109,1618.05834961,605.660339355,LHC.BPM.1R5.B2_D,-3762.6730957,-1941.30419922,1462.01123047,715.760803223,266,4,2,0,0,11,50,160
62,7483,327463,203,64,1543466533,156,1,17,3,32,ACQUIRING,CROSSING,6,0.0267611462623,-0.0590795688331,0.0624631978571,0.0590795688331,-0.0624631978571,0.0,0.0133805731311,-0.0,-0.0133805731311,0,CROSSING,LHC.BPM.1L5.B1_D,-2764.34057617,-1497.53942871,1066.64648438,630.662719727,LHC.BPM.1R5.B1_D,3478.05712891,-1757.0012207,1402.21203613,612.98236084,LHC.BPM.1L5.B2_D,4063.99023438,-1442.84912109,1618.05834961,605.660339355,LHC.BPM.1R5.B2_D,-3762.6730957,-1941.30419922,1462.01123047,715.760803223,266,4,2,0,0,11,50,160
63,7483,327463,204,4,1543466534,675,1,17,3,32,ACQUIRING,CROSSING,6,0.0267611462623,-0.0590795688331,0.0624631978571,0.0590795688331,-0.0624631978571,0.0,0.0133805731311,-0.0,-0.0133805731311,0,CROSSING,LHC.BPM.1L5.B1_D,-2764.34057617,-1497.53942871,1066.64648438,630.662719727,LHC.BPM.1R5.B1_D,3478.05712891,-1757.0012207,1402.21203613,612.98236084,LHC.BPM.1L5.B2_D,4063.99023438,-1442.84912109,1618.05834961,605.660339355,LHC.BPM.1R5.B2_D,-3762.6730957,-1941.30419922,1462.01123047,715.760803223,266,4,2,0,0,11,50,160
64,7483,327463,204,8,1543466536,87,1,17,3,32,ACQUIRING,CROSSING,6,0.0267611462623,-0.0590795688331,0.0624631978571,0.0590795688331,-0.0624631978571,0.0,0.0133805731311,-0.0,-0.0133805731311,0,CROSSING,LHC.BPM.1L5.B1_D,-2764.34057617,-1497.53942871,1066.64648438,630.662719727,LHC.BPM.1R5.B1_D,3478.05712891,-1757.0012207,1402.21203613,612.98236084,LHC.BPM.1L5.B2_D,4063.99023438,-1442.84912109,1618.05834961,605.660339355,LHC.BPM.1R5.B2_D,-3762.6730957,-1941.30419922,1462.01123047,715.760803223,266,4,2,0,0,11,50,160
65,7483,327463,204,12,1543466537,600,1,17,3,32,ACQUIRING,CROSSING,6,0.0267611462623,-0.0590795688331,0.0624631978571,0.0590795688331,-0.0624631978571,0.0,0.0133805731311,-0.0,-0.0133805731311,0,CROSSING,LHC.BPM.1L5.B1_D,-2764.34057617,-1497.53942871,1066.64648438,630.662719727,LHC.BPM.1R5.B1_D,3478.05712891,-1757.0012207,1402.21203613,612.98236084,LHC.BPM.1L5.B2_D,4063.99023438,-1442.84912109,1618.05834961,605.660339355,LHC.BPM.1R5.B2_D,-3762.6730957,-1941.30419922,1462.01123047,715.760803223,266,4,2,0,0,11,50,160
66,7483,327463,204,16,1543466539,12,1,17,3,32,ACQUIRING,CROSSING,6,0.0267611462623,-0.0590795688331,0.0624631978571,0.0590795688331,-0.0624631978571,0.0,0.0133805731311,-0.0,-0.0133805731311,0,CROSSING,LHC.BPM.1L5.B1_D,-2764.34057617,-1497.53942871,1066.64648438,630.662719727,LHC.BPM.1R5.B1_D,3478.05712891,-1757.0012207,1402.21203613,612.98236084,LHC.BPM.1L5.B2_D,4063.99023438,-1442.84912109,1618.05834961,605.660339355,LHC.BPM.1R5.B2_D,-3762.6730957,-1941.30419922,1462.01123047,715.760803223,266,4,2,0,0,11,50,160
67,7483,327463,204,20,1543466540,457,1,17,3,32,ACQUIRING,CROSSING,6,0.0267611462623,-0.0590795688331,0.0624631978571,0.0590795688331,-0.0624631978571,0.0,0.0133805731311,-0.0,-0.0133805731311,0,CROSSING,LHC.BPM.1L5.B1_D,-2764.34057617,-1497.53942871,1066.64648438,630.662719727,LHC.BPM.1R5.B1_D,3478.05712891,-1757.0012207,1402.21203613,612.98236084,LHC.BPM.1L5.B2_D,4063.99023438,-1442.84912109,1618.05834961,605.660339355,LHC.BPM.1R5.B2_D,-3762.6730957,-1941.30419922,1462.01123047,715.760803223,266,4,2,0,0,11,50,160
68,7483,327463,204,24,1543466541,970,1,17,3,32,ACQUIRING,CROSSING,6,0.0267611462623,-0.0590795688331,0.0624631978571,0.0590795688331,-0.0624631978571,0.0,0.0133805731311,-0.0,-0.0133805731311,0,CROSSING,LHC.BPM.1L5.B1_D,-2764.34057617,-1497.53942871,1066.64648438,630.662719727,LHC.BPM.1R5.B1_D,3478.05712891,-1757.0012207,1402.21203613,612.98236084,LHC.BPM.1L5.B2_D,4063.99023438,-1442.84912109,1618.05834961,605.660339355,LHC.BPM.1R5.B2_D,-3762.6730957,-1941.30419922,1462.01123047,715.760803223,266,4,2,0,0,11,50,160
69,7483,327463,204,28,1543466543,383,1,17,3,32,ACQUIRING,CROSSING,6,0.0267611462623,-0.0590795688331,0.0624631978571,0.0590795688331,-0.0624631978571,0.0,0.0133805731311,-0.0,-0.0133805731311,0,CROSSING,LHC.BPM.1L5.B1_D,-2764.34057617,-1497.53942871,1066.64648438,630.662719727,LHC.BPM.1R5.B1_D,3478.05712891,-1757.0012207,1402.21203613,612.98236084,LHC.BPM.1L5.B2_D,4063.99023438,-1442.84912109,1618.05834961,605.660339355,LHC.BPM.1R5.B2_D,-3762.6730957,-1941.30419922,1462.01123047,715.760803223,266,4,2,0,0,11,50,160
70,7483,327463,204,32,1543466544,795,1,17,3,32,ACQUIRING,CROSSING,6,0.0267611462623,-0.0590795688331,0.0624631978571,0.0590795688331,-0.0624631978571,0.0,0.0133805731311,-0.0,-0.0133805731311,0,CROSSING,LHC.BPM.1L5.B1_D,-2764.34057617,-1497.53942871,1066.64648438,630.662719727,LHC.BPM.1R5.B1_D,3478.05712891,-1757.0012207,1402.21203613,612.98236084,LHC.BPM.1L5.B2_D,4063.99023438,-1442.84912109,1618.05834961,605.660339355,LHC.BPM.1R5.B2_D,-3762.6730957,-1941.30419922,1462.01123047,715.760803223,266,4,2,0,0,11,50,160
71,7483,327463,204,36,1543466546,309,1,17,3,32,ACQUIRING,CROSSING,6,0.0267611462623,-0.0590795688331,0.0624631978571,0.0590795688331,-0.0624631978571,0.0,0.0133805731311,-0.0,-0.0133805731311,0,CROSSING,LHC.BPM.1L5.B1_D,-2764.34057617,-1497.53942871,1066.64648438,630.662719727,LHC.BPM.1R5.B1_D,3478.05712891,-1757.0012207,1402.21203613,612.98236084,LHC.BPM.1L5.B2_D,4063.99023438,-1442.84912109,1618.05834961,605.660339355,LHC.BPM.1R5.B2_D,-3762.6730957,-1941.30419922,1462.01123047,715.760803223,266,4,2,0,0,11,50,160
72,7483,327463,204,40,1543466547,726,1,17,3,32,ACQUIRING,CROSSING,6,0.0267611462623,-0.0590795688331,0.0624631978571,0.0590795688331,-0.0624631978571,0.0,0.0133805731311,-0.0,-0.0133805731311,0,CROSSING,LHC.BPM.1L5.B1_D,-2764.34057617,-1497.53942871,1066.64648438,630.662719727,LHC.BPM.1R5.B1_D,3478.05712891,-1757.0012207,1402.21203613,612.98236084,LHC.BPM.1L5.B2_D,4063.99023438,-1442.84912109,1618.05834961,605.660339355,LHC.BPM.1R5.B2_D,-3762.6730957,-1941.30419922,1462.01123047,715.760803223,266,4,2,0,0,11,50,160
73,7483,327463,204,44,1543466549,239,1,19,3,32,ACQUIRING,CROSSING,2,0.0401417203248,-0.0590795688331,0.0691534802318,0.0590795688331,-0.0691534802318,0.0,0.0200708601624,-0.0,-0.0200708601624,0,CROSSING,LHC.BPM.1L5.B1_D,-2755.71191406,-1494.30834961,1108.88781738,548.948364258,LHC.BPM.1R5.B1_D,3482.37353516,-1760.13000488,1347.37145996,776.96307373,LHC.BPM.1L5.B2_D,4062.75170898,-1443.17163086,1587.87475586,533.597412109,LHC.BPM.1R5.B2_D,-3775.39624023,-1940.72119141,1515.71032715,819.846313477,266,4,2,0,0,11,50,160
74,7483,327463,205,4,1543466557,938,1,21,3,32,ACQUIRING,CROSSING,9,0.0535222925246,-0.0590795688331,0.0758437663317,0.0590795688331,-0.0758437663317,0.0,0.0267611462623,-0.0,-0.0267611462623,0,CROSSING,LHC.BPM.1L5.B1_D,-2752.51513672,-1494.1270752,1062.53027344,629.318725586,LHC.BPM.1R5.B1_D,3492.10400391,-1760.17541504,1408.30114746,614.169067383,LHC.BPM.1L5.B2_D,4055.00708008,-1440.6998291,1614.02868652,604.688781738,LHC.BPM.1R5.B2_D,-3781.12817383,-1943.03991699,1468.38635254,716.659301758,266,4,2,0,0,11,50,160
75,7483,327463,205,8,1543466559,451,1,21,3,32,ACQUIRING,CROSSING,8,0.0535222925246,-0.0590795688331,0.0758437663317,0.0590795688331,-0.0758437663317,0.0,0.0267611462623,-0.0,-0.0267611462623,0,CROSSING,LHC.BPM.1L5.B1_D,-2755.53198242,-1494.24768066,1062.59130859,629.254882812,LHC.BPM.1R5.B1_D,3495.5012207,-1760.28515625,1408.51269531,614.338012695,LHC.BPM.1L5.B2_D,4053.76000977,-1439.97375488,1614.56896973,604.317993164,LHC.BPM.1R5.B2_D,-3779.53588867,-1944.11376953,1468.90356445,717.124572754,266,4,2,0,0,11,50,160
76,7483,327463,205,12,1543466560,863,1,21,3,32,ACQUIRING,CROSSING,6,0.0535222925246,-0.0590795688331,0.0758437663317,0.0590795688331,-0.0758437663317,0.0,0.0267611462623,-0.0,-0.0267611462623,0,CROSSING,LHC.BPM.1L5.B1_D,-2752.83496094,-1493.74499512,1107.29223633,548.760620117,LHC.BPM.1R5.B1_D,3492.66381836,-1760.68688965,1350.87585449,777.195861816,LHC.BPM.1L5.B2_D,4055.77099609,-1439.52905273,1585.09814453,532.151123047,LHC.BPM.1R5.B2_D,-3781.73291016,-1944.21740723,1518.26330566,821.070495605,266,4,2,0,0,11,50,160
77,7483,327463,205,16,1543466562,376,1,21,3,32,ACQUIRING,CROSSING,5,0.0535222925246,-0.0590795688331,0.0758437663317,0.0590795688331,-0.0758437663317,0.0,0.0267611462623,-0.0,-0.0267611462623,0,CROSSING,LHC.BPM.1L5.B1_D,-2749.42529297,-1493.60400391,1106.59558105,548.734191895,LHC.BPM.1R5.B1_D,3489.09277344,-1760.6204834,1350.16687012,777.151916504,LHC.BPM.1L5.B2_D,4058.9519043,-1439.87915039,1586.37780762,532.310913086,LHC.BPM.1R5.B2_D,-3784.65869141,-1944.01086426,1519.26208496,820.903259277,266,4,2,0,0,11,50,160
78,7483,327463,205,20,1543466563,789,1,21,3,32,ACQUIRING,CROSSING,4,0.0535222925246,-0.0590795688331,0.0758437663317,0.0590795688331,-0.0758437663317,0.0,0.0267611462623,-0.0,-0.0267611462623,0,CROSSING,LHC.BPM.1L5.B1_D,-2749.27954102,-1494.00524902,1060.47265625,629.486328125,LHC.BPM.1R5.B1_D,3489.07226562,-1760.1809082,1406.37683105,613.984619141,LHC.BPM.1L5.B2_D,4059.11401367,-1439.70397949,1615.90161133,604.304077148,LHC.BPM.1R5.B2_D,-3784.87841797,-1944.19348145,1470.35595703,717.277099609,266,4,2,0,0,11,50,160
79,7483,327463,205,24,1543466565,202,1,21,3,32,ACQUIRING,CROSSING,2,0.0535222925246,-0.0590795688331,0.0758437663317,0.0590795688331,-0.0758437663317,0.0,0.0267611462623,-0.0,-0.0267611462623,0,CROSSING,LHC.BPM.1L5.B1_D,-2748.95336914,-1494.58435059,1060.41711426,629.594360352,LHC.BPM.1R5.B1_D,3488.60131836,-1759.66479492,1406.24890137,613.882507324,LHC.BPM.1L5.B2_D,4058.29150391,-1439.62487793,1615.64990234,604.53125,LHC.BPM.1R5.B2_D,-3784.00878906,-1944.23205566,1470.08874512,717.043701172,266,4,2,0,0,11,50,160
80,7483,327463,205,28,1543466566,720,1,21,3,32,ACQUIRING,CROSSING,1,0.0535222925246,-0.0590795688331,0.0758437663317,0.0590795688331,-0.0758437663317,0.0,0.0267611462623,-0.0,-0.0267611462623,0,CROSSING,LHC.BPM.1L5.B1_D,-2749.11230469,-1494.76831055,1106.53588867,549.23046875,LHC.BPM.1R5.B1_D,3488.86206055,-1759.29162598,1350.14331055,776.56048584,LHC.BPM.1L5.B2_D,4057.69335938,-1439.95043945,1585.53125,532.279296875,LHC.BPM.1R5.B2_D,-3783.30859375,-1944.05126953,1518.31384277,821.026733398,266,4,2,0,0,11,50,160
81,7483,327463,205,48,1543466573,984,1,23,3,32,ACQUIRING,CROSSING,10,0.0669028684497,-0.0590795688331,0.0825340598822,0.0590795688331,-0.0825340598822,0.0,0.0334514342248,-0.0,-0.0334514342248,0,CROSSING,LHC.BPM.1L5.B1_D,-2745.14746094,-1496.21447754,1059.31140137,630.203674316,LHC.BPM.1R5.B1_D,3498.00976562,-1757.69726562,1410.24902344,613.183410645,LHC.BPM.1L5.B2_D,4046.65649414,-1441.47753906,1610.74536133,605.017211914,LHC.BPM.1R5.B2_D,-3785.01318359,-1942.28637695,1470.06201172,716.434936523,266,4,2,0,0,11,50,160
82,7483,327463,205,52,1543466575,397,1,23,3,32,ACQUIRING,CROSSING,8,0.0669028684497,-0.0590795688331,0.0825340598822,0.0590795688331,-0.0825340598822,0.0,0.0334514342248,-0.0,-0.0334514342248,0,CROSSING,LHC.BPM.1L5.B1_D,-2745.49047852,-1496.20043945,1059.47753906,630.342651367,LHC.BPM.1R5.B1_D,3498.48095703,-1757.60668945,1410.3326416,613.006958008,LHC.BPM.1L5.B2_D,4045.99511719,-1441.79626465,1610.67089844,605.148620605,LHC.BPM.1R5.B2_D,-3784.44262695,-1942.06762695,1470.08752441,716.224975586,266,4,2,0,0,11,50,160
83,7483,327463,205,56,1543466576,909,1,23,3,32,ACQUIRING,CROSSING,7,0.0669028684497,-0.0590795688331,0.0825340598822,0.0590795688331,-0.0825340598822,0.0,0.0334514342248,-0.0,-0.0334514342248,0,CROSSING,LHC.BPM.1L5.B1_D,-2745.55664062,-1496.46801758,1104.68310547,549.836303711,LHC.BPM.1R5.B1_D,3498.59912109,-1757.47131348,1353.76245117,776.016235352,LHC.BPM.1L5.B2_D,4046.08447266,-1441.82458496,1581.37866211,533.14642334,LHC.BPM.1R5.B2_D,-3784.41333008,-1941.97229004,1519.19812012,820.220092773,266,4,2,0,0,11,50,160
84,7483,327463,205,60,1543466578,322,1,23,3,32,ACQUIRING,CROSSING,6,0.0669028684497,-0.0590795688331,0.0825340598822,0.0590795688331,-0.0825340598822,0.0,0.0334514342248,-0.0,-0.0334514342248,0,CROSSING,LHC.BPM.1L5.B1_D,-2745.83935547,-1496.77453613,1104.97277832,549.963684082,LHC.BPM.1R5.B1_D,3499.0390625,-1757.2355957,1354.02954102,775.959960938,LHC.BPM.1L5.B2_D,4045.2175293,-1441.97485352,1580.59655762,533.261413574,LHC.BPM.1R5.B2_D,-3783.57397461,-1942.04907227,1518.47045898,820.235534668,266,4,2,0,0,11,50,160
85,7483,327463,205,64,1543466579,835,1,23,3,32,ACQUIRING,CROSSING,4,0.0669028684497,-0.0590795688331,0.0825340598822,0.0590795688331,-0.0825340598822,0.0,0.0334514342248,-0.0,-0.0334514342248,0,CROSSING,LHC.BPM.1L5.B1_D,-2745.30102539,-1496.58691406,1059.02722168,630.316101074,LHC.BPM.1R5.B1_D,3498.3269043,-1757.37097168,1409.89343262,612.989440918,LHC.BPM.1L5.B2_D,4045.62426758,-1441.94824219,1611.15856934,605.145751953,LHC.BPM.1R5.B2_D,-3784.03637695,-1942.02563477,1470.58752441,716.256469727,266,4,2,0,0,11,50,160
86,7483,327463,206,4,1543466581,250,1,23,3,32,ACQUIRING,CROSSING,3,0.0669028684497,-0.0590795688331,0.0825340598822,0.0590795688331,-0.0825340598822,0.0,0.0334514342248,-0.0,-0.0334514342248,0,CROSSING,LHC.BPM.1L5.B1_D,-2745.08813477,-1496.43237305,1059.07116699,630.238098145,LHC.BPM.1R5.B1_D,3498.21313477,-1757.53991699,1410.02587891,613.06652832,LHC.BPM.1L5.B2_D,4046.24609375,-1441.00976562,1610.79846191,604.833557129,LHC.BPM.1R5.B2_D,-3784.83813477,-1942.76452637,1470.14306641,716.554992676,266,4,2,0,0,11,50,160
87,7483,327463,206,8,1543466582,765,1,23,3,32,ACQUIRING,CROSSING,1,0.0669028684497,-0.0590795688331,0.0825340598822,0.0590795688331,-0.0825340598822,0.0,0.0334514342248,-0.0,-0.0334514342248,0,CROSSING,LHC.BPM.1L5.B1_D,-2744.9909668,-1496.44787598,1104.69018555,549.928222656,LHC.BPM.1R5.B1_D,3498.07983398,-1757.3671875,1353.70727539,775.878356934,LHC.BPM.1L5.B2_D,4045.64477539,-1440.64941406,1580.93359375,532.540527344,LHC.BPM.1R5.B2_D,-3784.01782227,-1943.21948242,1518.85961914,820.883666992,266,4,2,0,0,11,50,160
88,7483,327463,206,32,1543466591,442,1,25,3,32,ACQUIRING,CROSSING,9,0.0802834406495,-0.0590795688331,0.0892243459821,0.0590795688331,-0.0892243459821,0.0,0.0401417203248,-0.0,-0.0401417203248,0,CROSSING,LHC.BPM.1L5.B1_D,-2738.06103516,-1495.78747559,1056.42102051,630.156433105,LHC.BPM.1R5.B1_D,3503.93359375,-1758.15637207,1412.44189453,613.24822998,LHC.BPM.1L5.B2_D,4040.85449219,-1438.60900879,1608.99523926,603.704040527,LHC.BPM.1R5.B2_D,-3792.69042969,-1945.23376465,1473.61621094,717.585205078,266,4,2,0,0,11,50,160
89,7483,327463,206,36,1543466592,955,1,25,3,32,ACQUIRING,CROSSING,8,0.0802834406495,-0.0590795688331,0.0892243459821,0.0590795688331,-0.0892243459821,0.0,0.0401417203248,-0.0,-0.0401417203248,0,CROSSING,LHC.BPM.1L5.B1_D,-2738.12988281,-1495.7310791,1101.94372559,549.454772949,LHC.BPM.1R5.B1_D,3503.84912109,-1758.20178223,1355.86291504,776.374450684,LHC.BPM.1L5.B2_D,4041.83203125,-1438.8112793,1579.75964355,532.227966309,LHC.BPM.1R5.B2_D,-3793.59521484,-1945.02185059,1522.97973633,821.30645752,266,4,2,0,0,11,50,160
90,7483,327463,206,40,1543466594,376,1,25,3,32,ACQUIRING,CROSSING,6,0.0802834406495,-0.0590795688331,0.0892243459821,0.0590795688331,-0.0892243459821,0.0,0.0401417203248,-0.0,-0.0401417203248,0,CROSSING,LHC.BPM.1L5.B1_D,-2738.38012695,-1495.73498535,1101.86865234,549.574645996,LHC.BPM.1R5.B1_D,3504.19140625,-1758.09899902,1355.8371582,776.29498291,LHC.BPM.1L5.B2_D,4042.34130859,-1438.76904297,1579.79101562,531.992797852,LHC.BPM.1R5.B2_D,-3794.24145508,-1944.9543457,1523.09362793,821.517578125,266,4,2,0,0,11,50,160
91,7483,327463,206,44,1543466595,788,1,25,3,32,ACQUIRING,CROSSING,5,0.0802834406495,-0.0590795688331,0.0892243459821,0.0590795688331,-0.0892243459821,0.0,0.0401417203248,-0.0,-0.0401417203248,0,CROSSING,LHC.BPM.1L5.B1_D,-2738.25366211,-1495.41687012,1056.59350586,629.79675293,LHC.BPM.1R5.B1_D,3503.93505859,-1758.29614258,1412.54040527,613.405212402,LHC.BPM.1L5.B2_D,4042.07177734,-1438.71472168,1609.15222168,603.866516113,LHC.BPM.1R5.B2_D,-3793.96044922,-1945.05883789,1473.78857422,717.405700684,266,4,2,0,0,11,50,160
92,7483,327463,206,48,1543466597,305,1,25,3,32,ACQUIRING,CROSSING,4,0.0802834406495,-0.0590795688331,0.0892243459821,0.0590795688331,-0.0892243459821,0.0,0.0401417203248,-0.0,-0.0401417203248,0,CROSSING,LHC.BPM.1L5.B1_D,-2740.41137695,-1494.99597168,1057.74328613,629.760070801,LHC.BPM.1R5.B1_D,3506.20410156,-1758.75341797,1413.77514648,613.429138184,LHC.BPM.1L5.B2_D,4041.33032227,-1439.25024414,1608.51428223,604.100402832,LHC.BPM.1R5.B2_D,-3793.00805664,-1944.60046387,1473.02502441,717.262084961,266,4,2,0,0,11,50,160
93,7483,327463,206,52,1543466598,718,1,25,3,32,ACQUIRING,CROSSING,2,0.0802834406495,-0.0590795688331,0.0892243459821,0.0590795688331,-0.0892243459821,0.0,0.0401417203248,-0.0,-0.0401417203248,0,CROSSING,LHC.BPM.1L5.B1_D,-2743.63012695,-1495.54528809,1104.93981934,549.707397461,LHC.BPM.1R5.B1_D,3509.62011719,-1758.20422363,1359.07922363,776.207641602,LHC.BPM.1L5.B2_D,4038.44360352,-1439.04272461,1577.57666016,532.017089844,LHC.BPM.1R5.B2_D,-3790.40136719,-1944.75769043,1521.06420898,821.420349121,266,4,2,0,0,11,50,160
94,7483,327463,206,56,1543466600,231,1,25,3,32,ACQUIRING,CROSSING,1,0.0802834406495,-0.0590795688331,0.0892243459821,0.0590795688331,-0.0892243459821,0.0,0.0401417203248,-0.0,-0.0401417203248,0,CROSSING,LHC.BPM.1L5.B1_D,-2746.98120117,-1494.61682129,1104.97680664,549.243774414,LHC.BPM.1R5.B1_D,3513.0222168,-1759.20910645,1359.06005859,776.679321289,LHC.BPM.1L5.B2_D,4036.03027344,-1440.16772461,1577.75878906,532.33782959,LHC.BPM.1R5.B2_D,-3788.06958008,-1943.69055176,1521.40783691,821.135192871,266,4,2,0,0,11,50,160
95,7483,327463,211,20,1543466703,607,1,1,3,32,ACQUIRING,SEPARATION,10,-0.0802834406495,-0.0992212891579,0.0490826256573,0.0992212891579,-0.0490826256573,-0.0401417203248,0.0,0.0401417203248,-0.0,0,SEPARATION,LHC.BPM.1L5.B1_D,-2774.47680664,-1533.21582031,1071.09765625,644.627746582,LHC.BPM.1R5.B1_D,3462.24291992,-1797.50671387,1396.40344238,628.987792969,LHC.BPM.1L5.B2_D,4081.18481445,-1402.52246094,1625.04040527,590.09362793,LHC.BPM.1R5.B2_D,-3754.25463867,-1901.06726074,1458.71643066,700.095947266,266,4,2,0,0,11,50,160
96,7483,327463,211,24,1543466705,119,1,1,3,32,ACQUIRING,SEPARATION,9,-0.0802834406495,-0.0992212891579,0.0490826256573,0.0992212891579,-0.0490826256573,-0.0401417203248,0.0,0.0401417203248,-0.0,0,SEPARATION,LHC.BPM.1L5.B1_D,-2775.15185547,-1533.42529297,1071.17895508,644.802246094,LHC.BPM.1R5.B1_D,3463.03808594,-1797.42175293,1396.4855957,628.812805176,LHC.BPM.1L5.B2_D,4080.56982422,-1403.0723877,1624.35180664,590.186035156,LHC.BPM.1R5.B2_D,-3753.55908203,-1900.71459961,1458.03369141,699.991455078,266,4,2,0,0,11,50,160
97,7483,327463,211,28,1543466706,539,1,1,3,32,ACQUIRING,SEPARATION,7,-0.0802834406495,-0.0992212891579,0.0490826256573,0.0992212891579,-0.0490826256573,-0.0401417203248,0.0,0.0401417203248,-0.0,0,SEPARATION,LHC.BPM.1L5.B1_D,-2774.58203125,-1533.37768555,1116.15405273,564.663513184,LHC.BPM.1R5.B1_D,3462.47753906,-1797.54321289,1339.46228027,792.047607422,LHC.BPM.1L5.B2_D,4079.96899414,-1403.48632812,1594.84570312,518.026550293,LHC.BPM.1R5.B2_D,-3753.25708008,-1900.15270996,1507.02087402,803.548828125,266,4,2,0,0,11,50,160
98,7483,327463,211,32,1543466708,52,1,1,3,32,ACQUIRING,SEPARATION,6,-0.0802834406495,-0.0992212891579,0.0490826256573,0.0992212891579,-0.0490826256573,-0.0401417203248,0.0,0.0401417203248,-0.0,0,SEPARATION,LHC.BPM.1L5.B1_D,-2773.97167969,-1533.12683105,1070.69995117,644.607543945,LHC.BPM.1R5.B1_D,3461.73242188,-1797.78173828,1395.90270996,629.00402832,LHC.BPM.1L5.B2_D,4080.31225586,-1403.42480469,1624.6418457,590.141174316,LHC.BPM.1R5.B2_D,-3753.4987793,-1900.19604492,1458.24267578,700.02545166,266,4,2,0,0,11,50,160
99,7483,327463,211,36,1543466709,466,1,1,3,32,ACQUIRING,SEPARATION,4,-0.0802834406495,-0.0992212891579,0.0490826256573,0.0992212891579,-0.0490826256573,-0.0401417203248,0.0,0.0401417203248,-0.0,0,SEPARATION,LHC.BPM.1L5.B1_D,-2773.54833984,-1532.99914551,1070.61853027,644.411010742,LHC.BPM.1R5.B1_D,3461.35693359,-1797.86340332,1395.80224609,629.195678711,LHC.BPM.1L5.B2_D,4081.13964844,-1403.39916992,1624.81201172,590.129699707,LHC.BPM.1R5.B2_D,-3754.22998047,-1900.17382812,1458.37878418,700.15032959,266,4,2,0,0,11,50,160
100,7483,327463,211,40,1543466710,978,1,1,3,32,ACQUIRING,SEPARATION,3,-0.0802834406495,-0.0992212891579,0.0490826256573,0.0992212891579,-0.0490826256573,-0.0401417203248,0.0,0.0401417203248,-0.0,0,SEPARATION,LHC.BPM.1L5.B1_D,-2773.57446289,-1532.83410645,1115.9284668,564.620239258,LHC.BPM.1R5.B1_D,3461.39282227,-1797.88793945,1339.30090332,791.9375,LHC.BPM.1L5.B2_D,4080.99169922,-1403.36157227,1595.21386719,517.990539551,LHC.BPM.1R5.B2_D,-3753.95703125,-1900.34655762,1507.2487793,803.54486084,266,4,2,0,0,11,50,160
101,7483,327463,211,44,1543466712,390,1,1,3,32,ACQUIRING,SEPARATION,1,-0.0802834406495,-0.0992212891579,0.0490826256573,0.0992212891579,-0.0490826256573,-0.0401417203248,0.0,0.0401417203248,-0.0,0,SEPARATION,LHC.BPM.1L5.B1_D,-2773.39916992,-1533.27185059,1115.74633789,565.049865723,LHC.BPM.1R5.B1_D,3461.11352539,-1797.39147949,1339.08740234,791.522399902,LHC.BPM.1L5.B2_D,4080.07763672,-1403.33166504,1594.93859863,517.883117676,LHC.BPM.1R5.B2_D,-3753.26611328,-1900.16931152,1507.24780273,803.625915527,266,4,2,0,0,11,50,160
102,7483,327463,212,4,1543466721,173,1,3,3,32,ACQUIRING,SEPARATION,9,-0.0669028684497,-0.092531003058,0.0490826256573,0.092531003058,-0.0490826256573,-0.0334514342248,0.0,0.0334514342248,-0.0,0,SEPARATION,LHC.BPM.1L5.B1_D,-2778.23803711,-1527.46008301,1072.5826416,642.317749023,LHC.BPM.1R5.B1_D,3466.31689453,-1790.53845215,1397.88769531,626.254211426,LHC.BPM.1L5.B2_D,4074.43334961,-1409.94897461,1622.2109375,593.074035645,LHC.BPM.1R5.B2_D,-3747.55883789,-1906.60510254,1455.65551758,702.16998291,266,4,2,0,0,11,50,160
103,7483,327463,212,8,1543466722,588,1,3,3,32,ACQUIRING,SEPARATION,8,-0.0669028684497,-0.092531003058,0.0490826256573,0.092531003058,-0.0490826256573,-0.0334514342248,0.0,0.0334514342248,-0.0,0,SEPARATION,LHC.BPM.1L5.B1_D,-2778.68432617,-1527.38647461,1118.00463867,562.420410156,LHC.BPM.1R5.B1_D,3466.83789062,-1790.62878418,1341.52893066,789.149230957,LHC.BPM.1L5.B2_D,4074.74267578,-1410.0291748,1592.88305664,520.307922363,LHC.BPM.1R5.B2_D,-3747.86328125,-1906.42529297,1505.17614746,806.342346191,266,4,2,0,0,11,50,160
104,7483,327463,212,12,1543466724,0,1,3,3,32,ACQUIRING,SEPARATION,6,-0.0669028684497,-0.092531003058,0.0490826256573,0.092531003058,-0.0490826256573,-0.0334514342248,0.0,0.0334514342248,-0.0,0,SEPARATION,LHC.BPM.1L5.B1_D,-2776.42285156,-1527.17077637,1070.80834961,642.14654541,LHC.BPM.1R5.B1_D,3464.58300781,-1790.95751953,1396.1184082,626.516845703,LHC.BPM.1L5.B2_D,4077.08129883,-1409.82922363,1624.05065918,592.922851562,LHC.BPM.1R5.B2_D,-3750.13793945,-1906.54443359,1457.44604492,702.262268066,266,4,2,0,0,11,50,160
105,7483,327463,212,16,1543466725,513,1,3,3,32,ACQUIRING,SEPARATION,5,-0.0669028684497,-0.092531003058,0.0490826256573,0.092531003058,-0.0490826256573,-0.0334514342248,0.0,0.0334514342248,-0.0,0,SEPARATION,LHC.BPM.1L5.B1_D,-2772.86621094,-1526.69726562,1070.05944824,642.121276855,LHC.BPM.1R5.B1_D,3460.72021484,-1791.20983887,1395.33215332,626.502502441,LHC.BPM.1L5.B2_D,4079.1965332,-1409.62902832,1624.47705078,592.632507324,LHC.BPM.1R5.B2_D,-3752.26586914,-1906.92504883,1457.87438965,702.68145752,266,4,2,0,0,11,50,160
106,7483,327463,212,20,1543466726,925,1,3,3,32,ACQUIRING,SEPARATION,3,-0.0669028684497,-0.092531003058,0.0490826256573,0.092531003058,-0.0490826256573,-0.0334514342248,0.0,0.0334514342248,-0.0,0,SEPARATION,LHC.BPM.1L5.B1_D,-2771.88793945,-1526.88134766,1115.18884277,562.219848633,LHC.BPM.1R5.B1_D,3459.83496094,-1791.07421875,1338.57202148,789.255065918,LHC.BPM.1L5.B2_D,4080.46826172,-1409.12890625,1595.17700195,520.047180176,LHC.BPM.1R5.B2_D,-3753.52319336,-1907.32922363,1507.47021484,806.557678223,266,4,2,0,0,11,50,160
107,7483,327463,212,24,1543466728,442,1,3,3,32,ACQUIRING,SEPARATION,2,-0.0669028684497,-0.092531003058,0.0490826256573,0.092531003058,-0.0490826256573,-0.0334514342248,0.0,0.0334514342248,-0.0,0,SEPARATION,LHC.BPM.1L5.B1_D,-2771.74194336,-1526.89160156,1115.28125,562.263061523,LHC.BPM.1R5.B1_D,3459.65332031,-1791.11560059,1338.66906738,789.278198242,LHC.BPM.1L5.B2_D,4080.18920898,-1409.56201172,1594.9432373,520.566589355,LHC.BPM.1R5.B2_D,-3752.95263672,-1906.90454102,1506.9473877,806.04083252,266,4,2,0,0,11,50,160
108,7483,327463,212,28,1543466729,855,1,3,3,32,ACQUIRING,SEPARATION,1,-0.0669028684497,-0.092531003058,0.0490826256573,0.092531003058,-0.0490826256573,-0.0334514342248,0.0,0.0334514342248,-0.0,0,SEPARATION,LHC.BPM.1L5.B1_D,-2771.72729492,-1527.2310791,1069.83996582,642.355957031,LHC.BPM.1R5.B1_D,3459.56274414,-1790.82702637,1395.0246582,626.282775879,LHC.BPM.1L5.B2_D,4080.4519043,-1409.47595215,1624.68701172,592.388793945,LHC.BPM.1R5.B2_D,-3753.2434082,-1906.94848633,1458.16003418,702.896972656,266,4,2,0,0,11,50,160
109,7483,327463,212,48,1543466737,127,1,5,3,32,ACQUIRING,SEPARATION,10,-0.0535222925246,-0.085840716958,0.0490826256573,0.085840716958,-0.0490826256573,-0.0267611462623,0.0,0.0267611462623,-0.0,0,SEPARATION,LHC.BPM.1L5.B1_D,-2772.74658203,-1519.7097168,1070.30981445,639.53302002,LHC.BPM.1R5.B1_D,3460.7578125,-1785.15100098,1395.55786133,624.131103516,LHC.BPM.1L5.B2_D,4080.87548828,-1413.11938477,1624.68994141,594.147521973,LHC.BPM.1R5.B2_D,-3753.828125,-1916.22180176,1458.41870117,706.183105469,266,4,2,0,0,11,50,160
110,7483,327463,212,52,1543466738,639,1,5,3,32,ACQUIRING,SEPARATION,9,-0.0535222925246,-0.085840716958,0.0490826256573,0.085840716958,-0.0490826256573,-0.0267611462623,0.0,0.0267611462623,-0.0,0,SEPARATION,LHC.BPM.1L5.B1_D,-2772.94775391,-1520.16088867,1115.78466797,559.533447266,LHC.BPM.1R5.B1_D,3460.94116211,-1784.90869141,1339.23669434,786.779541016,LHC.BPM.1L5.B2_D,4080.7019043,-1413.16699219,1595.19335938,521.739318848,LHC.BPM.1R5.B2_D,-3753.60791016,-1916.41381836,1507.02575684,810.266906738,266,4,2,0,0,11,50,160
111,7483,327463,212,56,1543466740,53,1,5,3,32,ACQUIRING,SEPARATION,7,-0.0535222925246,-0.085840716958,0.0490826256573,0.085840716958,-0.0490826256573,-0.0267611462623,0.0,0.0267611462623,-0.0,0,SEPARATION,LHC.BPM.1L5.B1_D,-2772.63867188,-1520.03186035,1070.08483887,639.431274414,LHC.BPM.1R5.B1_D,3460.63867188,-1784.9095459,1395.33825684,624.128967285,LHC.BPM.1L5.B2_D,4081.13769531,-1413.09899902,1625.04101562,594.098754883,LHC.BPM.1R5.B2_D,-3753.82177734,-1916.22753906,1458.59362793,706.035522461,266,4,2,0,0,11,50,160
112,7483,327463,212,60,1543466741,567,1,5,3,32,ACQUIRING,SEPARATION,6,-0.0535222925246,-0.085840716958,0.0490826256573,0.085840716958,-0.0490826256573,-0.0267611462623,0.0,0.0267611462623,-0.0,0,SEPARATION,LHC.BPM.1L5.B1_D,-2771.97949219,-1519.75866699,1069.89929199,639.161865234,LHC.BPM.1R5.B1_D,3460.05126953,-1785.26257324,1395.31958008,624.474304199,LHC.BPM.1L5.B2_D,4081.03857422,-1413.55212402,1625.29846191,594.483764648,LHC.BPM.1R5.B2_D,-3754.00585938,-1915.75488281,1458.78527832,705.632080078,266,4,2,0,0,11,50,160
113,7483,327463,212,64,1543466742,979,1,5,3,32,ACQUIRING,SEPARATION,4,-0.0535222925246,-0.085840716958,0.0490826256573,0.085840716958,-0.0490826256573,-0.0267611462623,0.0,0.0267611462623,-0.0,0,SEPARATION,LHC.BPM.1L5.B1_D,-2771.79833984,-1519.67602539,1115.29602051,559.519042969,LHC.BPM.1R5.B1_D,3460.04418945,-1785.20544434,1338.77441406,786.668884277,LHC.BPM.1L5.B2_D,4081.38085938,-1413.97058105,1595.10644531,522.045471191,LHC.BPM.1R5.B2_D,-3754.27148438,-1915.4329834,1507.16906738,810.047485352,266,4,2,0,0,11,50,160
114,7483,327463,213,4,1543466744,494,1,5,3,32,ACQUIRING,SEPARATION,3,-0.0535222925246,-0.085840716958,0.0490826256573,0.085840716958,-0.0490826256573,-0.0267611462623,0.0,0.0267611462623,-0.0,0,SEPARATION,LHC.BPM.1L5.B1_D,-2771.60620117,-1519.5904541,1115.05700684,559.192321777,LHC.BPM.1R5.B1_D,3459.72021484,-1785.39953613,1338.48608398,787.094360352,LHC.BPM.1L5.B2_D,4081.46679688,-1414.01538086,1594.95092773,522.248291016,LHC.BPM.1R5.B2_D,-3754.22705078,-1915.38842773,1507.03063965,809.85534668,266,4,2,0,0,11,50,160
115,7483,327463,213,8,1543466745,906,1,5,3,32,ACQUIRING,SEPARATION,1,-0.0535222925246,-0.085840716958,0.0490826256573,0.085840716958,-0.0490826256573,-0.0267611462623,0.0,0.0267611462623,-0.0,0,SEPARATION,LHC.BPM.1L5.B1_D,-2771.56542969,-1519.82080078,1069.95715332,639.603088379,LHC.BPM.1R5.B1_D,3459.71118164,-1785.14880371,1395.34851074,623.99822998,LHC.BPM.1L5.B2_D,4080.62597656,-1413.4239502,1624.85766602,593.846618652,LHC.BPM.1R5.B2_D,-3753.37915039,-1916.08239746,1458.2121582,706.336486816,266,4,2,0,0,11,50,160
116,7483,327463,213,32,1543466754,683,1,7,3,32,ACQUIRING,SEPARATION,9,-0.0401417203248,-0.0791504308581,0.0490826256573,0.0791504308581,-0.0490826256573,-0.0200708601624,0.0,0.0200708601624,-0.0,0,SEPARATION,LHC.BPM.1L5.B1_D,-2770.45703125,-1512.92724609,1114.71960449,556.706054688,LHC.BPM.1R5.B1_D,3458.60449219,-1779.01000977,1338.26013184,784.466430664,LHC.BPM.1L5.B2_D,4081.5390625,-1417.62133789,1594.87158203,523.52545166,LHC.BPM.1R5.B2_D,-3754.19287109,-1924.86096191,1506.7779541,813.692871094,266,4,2,0,0,11,50,160
117,7483,327463,213,36,1543466756,99,1,7,3,32,ACQUIRING,SEPARATION,8,-0.0401417203248,-0.0791504308581,0.0490826256573,0.0791504308581,-0.0490826256573,-0.0200708601624,0.0,0.0200708601624,-0.0,0,SEPARATION,LHC.BPM.1L5.B1_D,-2770.66040039,-1512.62231445,1114.90100098,556.648803711,LHC.BPM.1R5.B1_D,3458.62597656,-1779.18530273,1338.35705566,784.478637695,LHC.BPM.1L5.B2_D,4081.24536133,-1417.7220459,1594.84106445,523.484985352,LHC.BPM.1R5.B2_D,-3754.19433594,-1924.50354004,1506.86376953,813.604309082,266,4,2,0,0,11,50,160
118,7483,327463,213,40,1543466757,512,1,7,3,32,ACQUIRING,SEPARATION,6,-0.0401417203248,-0.0791504308581,0.0490826256573,0.0791504308581,-0.0490826256573,-0.0200708601624,0.0,0.0200708601624,-0.0,0,SEPARATION,LHC.BPM.1L5.B1_D,-2770.55249023,-1512.75793457,1069.33605957,636.589599609,LHC.BPM.1R5.B1_D,3458.64794922,-1779.1315918,1394.66333008,621.875305176,LHC.BPM.1L5.B2_D,4080.71459961,-1417.6932373,1625.11108398,595.991333008,LHC.BPM.1R5.B2_D,-3753.63330078,-1924.65539551,1458.64428711,709.38470459,266,4,2,0,0,11,50,160
119,7483,327463,213,44,1543466759,24,1,7,3,32,ACQUIRING,SEPARATION,5,-0.0401417203248,-0.0791504308581,0.0490826256573,0.0791504308581,-0.0490826256573,-0.0200708601624,0.0,0.0200708601624,-0.0,0,SEPARATION,LHC.BPM.1L5.B1_D,-2770.44750977,-1512.5760498,1114.82531738,556.504882812,LHC.BPM.1R5.B1_D,3458.39916992,-1779.43591309,1338.16552734,784.720214844,LHC.BPM.1L5.B2_D,4081.26831055,-1417.65466309,1595.27185059,523.454162598,LHC.BPM.1R5.B2_D,-3754.17871094,-1924.63037109,1507.29003906,813.588500977,266,4,2,0,0,11,50,160
120,7483,327463,213,48,1543466760,437,1,7,3,32,ACQUIRING,SEPARATION,3,-0.0401417203248,-0.0791504308581,0.0490826256573,0.0791504308581,-0.0490826256573,-0.0200708601624,0.0,0.0200708601624,-0.0,0,SEPARATION,LHC.BPM.1L5.B1_D,-2770.81396484,-1513.13769531,1115.50366211,556.712646484,LHC.BPM.1R5.B1_D,3458.88818359,-1778.79077148,1338.84301758,784.438110352,LHC.BPM.1L5.B2_D,4080.53442383,-1417.63684082,1594.89587402,523.518249512,LHC.BPM.1R5.B2_D,-3753.22119141,-1924.70349121,1506.69995117,813.508056641,266,4,2,0,0,11,50,160
121,7483,327463,213,52,1543466761,951,1,7,3,32,ACQUIRING,SEPARATION,2,-0.0401417203248,-0.0791504308581,0.0490826256573,0.0791504308581,-0.0490826256573,-0.0200708601624,0.0,0.0200708601624,-0.0,0,SEPARATION,LHC.BPM.1L5.B1_D,-2773.2175293,-1513.06652832,1070.85546875,636.774780273,LHC.BPM.1R5.B1_D,3461.35546875,-1778.84216309,1396.33496094,621.688049316,LHC.BPM.1L5.B2_D,4078.30517578,-1417.95568848,1623.15112305,596.167602539,LHC.BPM.1R5.B2_D,-3751.05957031,-1924.47912598,1456.76928711,709.351501465,266,4,2,0,0,11,50,160
122,7483,327463,213,56,1543466763,362,1,7,3,32,ACQUIRING,SEPARATION,1,-0.0401417203248,-0.0791504308581,0.0490826256573,0.0791504308581,-0.0490826256573,-0.0200708601624,0.0,0.0200708601624,-0.0,0,SEPARATION,LHC.BPM.1L5.B1_D,-2776.4519043,-1512.88916016,1071.09057617,636.549377441,LHC.BPM.1R5.B1_D,3464.74560547,-1778.875,1396.64477539,621.857971191,LHC.BPM.1L5.B2_D,4075.73413086,-1418.08886719,1623.59912109,596.058044434,LHC.BPM.1R5.B2_D,-3748.59033203,-1924.32788086,1457.25354004,709.454650879,266,4,2,0,0,11,50,160
123,7483,327463,214,12,1543466770,629,1,9,3,32,ACQUIRING,SEPARATION,10,-0.0267611462623,-0.0724601447582,0.0490826256573,0.0724601447582,-0.0490826256573,-0.0133805731311,0.0,0.0133805731311,-0.0,0,SEPARATION,LHC.BPM.1L5.B1_D,-2770.59716797,-1507.38647461,1115.11157227,554.614440918,LHC.BPM.1R5.B1_D,3458.66015625,-1771.23583984,1338.32666016,781.256469727,LHC.BPM.1L5.B2_D,4080.36181641,-1423.38415527,1594.89758301,525.79498291,LHC.BPM.1R5.B2_D,-3753.05908203,-1932.07165527,1506.5402832,816.260131836,266,4,2,0,0,11,50,160
124,7483,327463,214,16,1543466772,143,1,9,3,32,ACQUIRING,SEPARATION,9,-0.0267611462623,-0.0724601447582,0.0490826256573,0.0724601447582,-0.0490826256573,-0.0133805731311,0.0,0.0133805731311,-0.0,0,SEPARATION,LHC.BPM.1L5.B1_D,-2770.51342773,-1507.26599121,1115.18933105,554.635864258,LHC.BPM.1R5.B1_D,3458.78369141,-1771.35412598,1338.4855957,781.256652832,LHC.BPM.1L5.B2_D,4078.92236328,-1422.85253906,1594.53735352,525.298400879,LHC.BPM.1R5.B2_D,-3751.5300293,-1932.64538574,1506.16821289,816.821777344,266,4,2,0,0,11,50,160
125,7483,327463,214,20,1543466773,562,1,9,3,32,ACQUIRING,SEPARATION,7,-0.0267611462623,-0.0724601447582,0.0490826256573,0.0724601447582,-0.0490826256573,-0.0133805731311,0.0,0.0133805731311,-0.0,0,SEPARATION,LHC.BPM.1L5.B1_D,-2770.50024414,-1507.54406738,1069.0411377,634.505615234,LHC.BPM.1R5.B1_D,3458.62036133,-1771.1138916,1394.54968262,618.778503418,LHC.BPM.1L5.B2_D,4079.68701172,-1422.51977539,1624.6348877,598.006896973,LHC.BPM.1R5.B2_D,-3752.29833984,-1933.0324707,1458.32080078,712.81829834,266,4,2,0,0,11,50,160
126,7483,327463,214,24,1543466775,74,1,9,3,32,ACQUIRING,SEPARATION,6,-0.0267611462623,-0.0724601447582,0.0490826256573,0.0724601447582,-0.0490826256573,-0.0133805731311,0.0,0.0133805731311,-0.0,0,SEPARATION,LHC.BPM.1L5.B1_D,-2770.83154297,-1507.30761719,1069.19226074,634.490600586,LHC.BPM.1R5.B1_D,3458.92480469,-1771.30822754,1394.83447266,618.731262207,LHC.BPM.1L5.B2_D,4079.64428711,-1423.16088867,1624.38134766,598.501953125,LHC.BPM.1R5.B2_D,-3752.12548828,-1932.22180176,1458.00622559,712.250976562,266,4,2,0,0,11,50,160
127,7483,327463,214,28,1543466776,487,1,9,3,32,ACQUIRING,SEPARATION,4,-0.0267611462623,-0.0724601447582,0.0490826256573,0.0724601447582,-0.0490826256573,-0.0133805731311,0.0,0.0133805731311,-0.0,0,SEPARATION,LHC.BPM.1L5.B1_D,-2771.11987305,-1507.7779541,1115.53540039,554.837158203,LHC.BPM.1R5.B1_D,3459.31689453,-1770.84545898,1338.75854492,781.098937988,LHC.BPM.1L5.B2_D,4079.92041016,-1423.74304199,1594.99987793,525.770385742,LHC.BPM.1R5.B2_D,-3752.54223633,-1931.72790527,1506.70019531,816.365722656,266,4,2,0,0,11,50,160
128,7483,327463,214,32,1543466778,0,1,9,3,32,ACQUIRING,SEPARATION,3,-0.0267611462623,-0.0724601447582,0.0490826256573,0.0724601447582,-0.0490826256573,-0.0133805731311,0.0,0.0133805731311,-0.0,0,SEPARATION,LHC.BPM.1L5.B1_D,-2771.51538086,-1507.89233398,1069.51123047,634.583984375,LHC.BPM.1R5.B1_D,3459.72045898,-1770.72033691,1395.16174316,618.630859375,LHC.BPM.1L5.B2_D,4080.51147461,-1423.89416504,1624.86340332,598.625732422,LHC.BPM.1R5.B2_D,-3753.21337891,-1931.56494141,1458.54956055,712.120483398,266,4,2,0,0,11,50,160
129,7483,327463,214,36,1543466779,420,1,9,3,32,ACQUIRING,SEPARATION,1,-0.0267611462623,-0.0724601447582,0.0490826256573,0.0724601447582,-0.0490826256573,-0.0133805731311,0.0,0.0133805731311,-0.0,0,SEPARATION,LHC.BPM.1L5.B1_D,-2770.45385742,-1507.40332031,1068.90783691,634.623962402,LHC.BPM.1R5.B1_D,3458.87548828,-1771.14953613,1394.63500977,618.631530762,LHC.BPM.1L5.B2_D,4080.12963867,-1424.10803223,1624.69946289,598.490722656,LHC.BPM.1R5.B2_D,-3752.74926758,-1931.44055176,1458.47387695,712.26373291,266,4,2,0,0,11,50,160
130,7483,327463,214,60,1543466788,203,1,11,3,32,ACQUIRING,SEPARATION,9,-0.0133805731311,-0.0657698586583,0.0490826256573,0.0657698586583,-0.0490826256573,-0.00669028656557,0.0,0.00669028656557,-0.0,0,SEPARATION,LHC.BPM.1L5.B1_D,-2767.15454102,-1499.91711426,1113.54174805,551.486083984,LHC.BPM.1R5.B1_D,3455.30834961,-1765.26501465,1336.7890625,779.108886719,LHC.BPM.1L5.B2_D,4080.21118164,-1426.86694336,1595.0090332,527.143554688,LHC.BPM.1R5.B2_D,-3752.84545898,-1941.95349121,1506.77050781,820.369628906,266,4,2,0,0,11,50,160
131,7483,327463,214,64,1543466789,615,1,11,3,32,ACQUIRING,SEPARATION,8,-0.0133805731311,-0.0657698586583,0.0490826256573,0.0657698586583,-0.0490826256573,-0.00669028656557,0.0,0.00669028656557,-0.0,0,SEPARATION,LHC.BPM.1L5.B1_D,-2767.46337891,-1499.9420166,1068.33105469,631.679748535,LHC.BPM.1R5.B1_D,3455.54418945,-1765.35522461,1393.85620117,616.393005371,LHC.BPM.1L5.B2_D,4079.9440918,-1426.39758301,1624.44091797,599.242004395,LHC.BPM.1R5.B2_D,-3752.62670898,-1942.41748047,1458.05578613,716.722290039,266,4,2,0,0,11,50,160
132,7483,327463,215,4,1543466791,33,1,11,3,32,ACQUIRING,SEPARATION,6,-0.0133805731311,-0.0657698586583,0.0490826256573,0.0657698586583,-0.0490826256573,-0.00669028656557,0.0,0.00669028656557,-0.0,0,SEPARATION,LHC.BPM.1L5.B1_D,-2767.98828125,-1500.13537598,1113.95275879,551.635131836,LHC.BPM.1R5.B1_D,3456.11035156,-1765.1081543,1337.23193359,778.918273926,LHC.BPM.1L5.B2_D,4079.63891602,-1426.1697998,1594.76257324,526.962768555,LHC.BPM.1R5.B2_D,-3752.31884766,-1942.57458496,1506.52233887,820.496582031,266,4,2,0,0,11,50,160
133,7483,327463,215,8,1543466792,546,1,11,3,32,ACQUIRING,SEPARATION,5,-0.0133805731311,-0.0657698586583,0.0490826256573,0.0657698586583,-0.0490826256573,-0.00669028656557,0.0,0.00669028656557,-0.0,0,SEPARATION,LHC.BPM.1L5.B1_D,-2767.32861328,-1500.11083984,1113.72973633,551.739929199,LHC.BPM.1R5.B1_D,3455.40576172,-1765.23913574,1336.9909668,778.931945801,LHC.BPM.1L5.B2_D,4080.27563477,-1426.20690918,1594.94140625,526.780273438,LHC.BPM.1R5.B2_D,-3752.86889648,-1942.61608887,1506.60095215,820.678344727,266,4,2,0,0,11,50,160
134,7483,327463,215,12,1543466793,958,1,11,3,32,ACQUIRING,SEPARATION,3,-0.0133805731311,-0.0657698586583,0.0490826256573,0.0657698586583,-0.0490826256573,-0.00669028656557,0.0,0.00669028656557,-0.0,0,SEPARATION,LHC.BPM.1L5.B1_D,-2767.22070312,-1500.24487305,1067.95043945,631.664306641,LHC.BPM.1R5.B1_D,3455.42163086,-1764.95544434,1393.55993652,616.257141113,LHC.BPM.1L5.B2_D,4080.48583984,-1426.1472168,1624.9465332,599.412658691,LHC.BPM.1R5.B2_D,-3753.16503906,-1942.64587402,1458.65698242,716.599731445,266,4,2,0,0,11,50,160
135,7483,327463,215,16,1543466795,477,1,11,3,32,ACQUIRING,SEPARATION,2,-0.0133805731311,-0.0657698586583,0.0490826256573,0.0657698586583,-0.0490826256573,-0.00669028656557,0.0,0.00669028656557,-0.0,0,SEPARATION,LHC.BPM.1L5.B1_D,-2767.74316406,-1500.05541992,1068.07507324,631.604736328,LHC.BPM.1R5.B1_D,3456.06518555,-1765.24987793,1393.7442627,616.318237305,LHC.BPM.1L5.B2_D,4080.93164062,-1426.23022461,1625.26672363,599.523620605,LHC.BPM.1R5.B2_D,-3753.46362305,-1942.63183594,1458.9432373,716.39666748,266,4,2,0,0,11,50,160
136,7483,327463,215,20,1543466796,890,1,11,3,32,ACQUIRING,SEPARATION,1,-0.0133805731311,-0.0657698586583,0.0490826256573,0.0657698586583,-0.0490826256573,-0.00669028656557,0.0,0.00669028656557,-0.0,0,SEPARATION,LHC.BPM.1L5.B1_D,-2767.56982422,-1500.16479492,1113.89819336,551.738037109,LHC.BPM.1R5.B1_D,3455.82470703,-1764.95239258,1337.14343262,778.876220703,LHC.BPM.1L5.B2_D,4081.06030273,-1425.70007324,1595.07287598,526.319702148,LHC.BPM.1R5.B2_D,-3753.69775391,-1943.1730957,1506.73510742,821.305603027,266,4,2,0,0,11,50,160
137,7483,327463,215,40,1543466804,154,1,13,3,32,ACQUIRING,SEPARATION,10,0.0,-0.0590795688331,0.0490826256573,0.0590795688331,-0.0490826256573,0.0,0.0,-0.0,-0.0,0,SEPARATION,LHC.BPM.1L5.B1_D,-2774.32739258,-1493.06860352,1116.0246582,548.755981445,LHC.BPM.1R5.B1_D,3462.74194336,-1758.83605957,1339.26672363,776.664916992,LHC.BPM.1L5.B2_D,4075.09863281,-1431.43969727,1594.03027344,528.986938477,LHC.BPM.1R5.B2_D,-3747.734375,-1950.9317627,1505.66101074,823.85559082,266,4,2,0,0,11,50,160
138,7483,327463,215,44,1543466805,668,1,13,3,32,ACQUIRING,SEPARATION,9,0.0,-0.0590795688331,0.0490826256573,0.0590795688331,-0.0490826256573,0.0,0.0,-0.0,-0.0,0,SEPARATION,LHC.BPM.1L5.B1_D,-2771.07543945,-1492.77868652,1068.72680664,628.774169922,LHC.BPM.1R5.B1_D,3459.35742188,-1759.05969238,1394.43347168,613.88861084,LHC.BPM.1L5.B2_D,4078.1875,-1431.09448242,1624.09472656,601.126342773,LHC.BPM.1R5.B2_D,-3750.76977539,-1951.21655273,1457.77416992,720.221252441,266,4,2,0,0,11,50,160
139,7483,327463,215,48,1543466807,80,1,13,3,32,ACQUIRING,SEPARATION,7,0.0,-0.0590795688331,0.0490826256573,0.0590795688331,-0.0490826256573,0.0,0.0,-0.0,-0.0,0,SEPARATION,LHC.BPM.1L5.B1_D,-2768.19946289,-1492.91345215,1068.27587891,628.967712402,LHC.BPM.1R5.B1_D,3456.38354492,-1758.90551758,1393.95617676,613.717773438,LHC.BPM.1L5.B2_D,4081.42431641,-1431.06982422,1625.2166748,601.129272461,LHC.BPM.1R5.B2_D,-3753.81420898,-1951.35681152,1458.81604004,720.176391602,266,4,2,0,0,11,50,160
140,7483,327463,215,52,1543466808,594,1,13,3,32,ACQUIRING,SEPARATION,6,0.0,-0.0590795688331,0.0490826256573,0.0590795688331,-0.0490826256573,0.0,0.0,-0.0,-0.0,0,SEPARATION,LHC.BPM.1L5.B1_D,-2767.90136719,-1493.06140137,1113.97912598,548.788513184,LHC.BPM.1R5.B1_D,3456.18676758,-1758.77856445,1337.24377441,776.614929199,LHC.BPM.1L5.B2_D,4082.01220703,-1431.1361084,1595.91833496,529.02142334,LHC.BPM.1R5.B2_D,-3754.56591797,-1951.22912598,1507.60656738,823.923461914,266,4,2,0,0,11,50,160
141,7483,327463,215,56,1543466810,9,1,13,3,32,ACQUIRING,SEPARATION,4,0.0,-0.0590795688331,0.0490826256573,0.0590795688331,-0.0490826256573,0.0,0.0,-0.0,-0.0,0,SEPARATION,LHC.BPM.1L5.B1_D,-2768.19360352,-1492.94482422,1068.51501465,628.877990723,LHC.BPM.1R5.B1_D,3456.36010742,-1758.81640625,1394.10351562,613.744934082,LHC.BPM.1L5.B2_D,4082.40039062,-1431.50598145,1625.5333252,601.427001953,LHC.BPM.1R5.B2_D,-3754.8659668,-1950.96252441,1459.0604248,719.965698242,266,4,2,0,0,11,50,160
142,7483,327463,215,60,1543466811,422,1,13,3,32,ACQUIRING,SEPARATION,3,0.0,-0.0590795688331,0.0490826256573,0.0590795688331,-0.0490826256573,0.0,0.0,-0.0,-0.0,0,SEPARATION,LHC.BPM.1L5.B1_D,-2767.89599609,-1493.30358887,1068.51477051,628.811157227,LHC.BPM.1R5.B1_D,3456.01977539,-1758.34643555,1394.05419922,613.721252441,LHC.BPM.1L5.B2_D,4081.86108398,-1430.90319824,1625.21801758,601.262634277,LHC.BPM.1R5.B2_D,-3754.40380859,-1951.49304199,1458.76208496,720.161743164,266,4,2,0,0,11,50,160
143,7483,327463,215,64,1543466812,942,1,13,3,32,ACQUIRING,SEPARATION,1,0.0,-0.0590795688331,0.0490826256573,0.0590795688331,-0.0490826256573,0.0,0.0,-0.0,-0.0,0,SEPARATION,LHC.BPM.1L5.B1_D,-2768.14599609,-1493.46484375,1113.95349121,549.269958496,LHC.BPM.1R5.B1_D,3456.34472656,-1758.30480957,1337.29174805,776.244750977,LHC.BPM.1L5.B2_D,4081.53686523,-1430.61010742,1595.57470703,528.481628418,LHC.BPM.1R5.B2_D,-3754.0,-1951.67687988,1507.24499512,824.299804688,266,4,2,0,0,11,50,160
144,7483,327463,216,24,1543466821,620,1,15,3,32,ACQUIRING,SEPARATION,9,0.0133805731311,-0.0523892827332,0.0490826256573,0.0523892827332,-0.0490826256573,0.00669028656557,0.0,-0.00669028656557,-0.0,0,SEPARATION,LHC.BPM.1L5.B1_D,-2765.62719727,-1487.09606934,1067.24987793,626.284912109,LHC.BPM.1R5.B1_D,3453.86791992,-1751.01782227,1392.78869629,610.830566406,LHC.BPM.1L5.B2_D,4080.82397461,-1437.18005371,1624.66625977,603.849914551,LHC.BPM.1R5.B2_D,-3753.06933594,-1958.68078613,1457.98132324,722.821289062,266,4,2,0,0,11,50,160
145,7483,327463,216,28,1543466823,135,1,15,3,32,ACQUIRING,SEPARATION,8,0.0133805731311,-0.0523892827332,0.0490826256573,0.0523892827332,-0.0490826256573,0.00669028656557,0.0,-0.00669028656557,-0.0,0,SEPARATION,LHC.BPM.1L5.B1_D,-2765.33959961,-1487.42456055,1067.3671875,626.571350098,LHC.BPM.1R5.B1_D,3453.62744141,-1750.859375,1392.83166504,610.583679199,LHC.BPM.1L5.B2_D,4080.01000977,-1437.4309082,1624.68200684,603.814453125,LHC.BPM.1R5.B2_D,-3752.52001953,-1958.26586914,1457.9765625,722.829833984,266,4,2,0,0,11,50,160
146,7483,327463,216,32,1543466824,557,1,15,3,32,ACQUIRING,SEPARATION,6,0.0133805731311,-0.0523892827332,0.0490826256573,0.0523892827332,-0.0490826256573,0.00669028656557,0.0,-0.00669028656557,-0.0,0,SEPARATION,LHC.BPM.1L5.B1_D,-2764.86303711,-1487.41650391,1112.52587891,546.748657227,LHC.BPM.1R5.B1_D,3453.21362305,-1750.73779297,1336.05993652,773.41003418,LHC.BPM.1L5.B2_D,4080.15429688,-1437.97607422,1595.05310059,531.758544922,LHC.BPM.1R5.B2_D,-3752.47973633,-1957.80822754,1506.85913086,826.498046875,266,4,2,0,0,11,50,160
147,7483,327463,216,36,1543466826,64,1,15,3,32,ACQUIRING,SEPARATION,5,0.0133805731311,-0.0523892827332,0.0490826256573,0.0523892827332,-0.0490826256573,0.00669028656557,0.0,-0.00669028656557,-0.0,0,SEPARATION,LHC.BPM.1L5.B1_D,-2764.85961914,-1487.52990723,1112.67346191,546.841430664,LHC.BPM.1R5.B1_D,3453.29248047,-1750.5300293,1336.16809082,773.268615723,LHC.BPM.1L5.B2_D,4079.20849609,-1437.80664062,1594.74938965,531.507202148,LHC.BPM.1R5.B2_D,-3751.75683594,-1957.93725586,1506.76184082,826.589050293,266,4,2,0,0,11,50,160
148,7483,327463,216,40,1543466827,477,1,15,3,32,ACQUIRING,SEPARATION,3,0.0133805731311,-0.0523892827332,0.0490826256573,0.0523892827332,-0.0490826256573,0.00669028656557,0.0,-0.00669028656557,-0.0,0,SEPARATION,LHC.BPM.1L5.B1_D,-2765.04907227,-1487.28381348,1067.36743164,626.381286621,LHC.BPM.1R5.B1_D,3453.41821289,-1750.7220459,1392.88806152,610.717468262,LHC.BPM.1L5.B2_D,4079.14501953,-1437.75891113,1624.20129395,603.898803711,LHC.BPM.1R5.B2_D,-3751.64916992,-1958.04821777,1457.42468262,722.930419922,266,4,2,0,0,11,50,160
149,7483,327463,216,44,1543466828,991,1,15,3,32,ACQUIRING,SEPARATION,2,0.0133805731311,-0.0523892827332,0.0490826256573,0.0523892827332,-0.0490826256573,0.00669028656557,0.0,-0.00669028656557,-0.0,0,SEPARATION,LHC.BPM.1L5.B1_D,-2764.99462891,-1486.83154297,1112.63867188,546.485961914,LHC.BPM.1R5.B1_D,3453.35131836,-1751.20800781,1336.12316895,773.658508301,LHC.BPM.1L5.B2_D,4079.73681641,-1437.41003418,1595.21838379,531.231506348,LHC.BPM.1R5.B2_D,-3752.13769531,-1958.30297852,1507.1496582,826.796386719,266,4,2,0,0,11,50,160
150,7483,327463,216,48,1543466830,403,1,15,3,32,ACQUIRING,SEPARATION,1,0.0133805731311,-0.0523892827332,0.0490826256573,0.0523892827332,-0.0490826256573,0.00669028656557,0.0,-0.00669028656557,-0.0,0,SEPARATION,LHC.BPM.1L5.B1_D,-2765.23681641,-1487.26147461,1112.59228516,546.625061035,LHC.BPM.1R5.B1_D,3453.59204102,-1750.76367188,1336.12182617,773.54284668,LHC.BPM.1L5.B2_D,4080.41625977,-1437.47546387,1595.61413574,531.377746582,LHC.BPM.1R5.B2_D,-3752.47583008,-1958.32080078,1507.27099609,826.760620117,266,4,2,0,0,11,50,160
151,7483,327463,217,4,1543466837,672,1,17,3,32,ACQUIRING,SEPARATION,10,0.0267611462623,-0.045698992908,0.0490826256573,0.045698992908,-0.0490826256573,0.0133805731311,0.0,-0.0133805731311,-0.0,0,SEPARATION,LHC.BPM.1L5.B1_D,-2764.15405273,-1480.61853027,1066.96032715,623.91229248,LHC.BPM.1R5.B1_D,3452.48632812,-1744.21166992,1392.45800781,607.868286133,LHC.BPM.1L5.B2_D,4081.31933594,-1442.51782227,1625.03613281,606.036437988,LHC.BPM.1R5.B2_D,-3753.54199219,-1966.62036133,1458.4005127,726.036132812,266,4,2,0,0,11,50,160
152,7483,327463,217,8,1543466839,187,1,17,3,32,ACQUIRING,SEPARATION,9,0.0267611462623,-0.045698992908,0.0490826256573,0.045698992908,-0.0490826256573,0.0133805731311,0.0,-0.0133805731311,-0.0,0,SEPARATION,LHC.BPM.1L5.B1_D,-2764.87915039,-1480.84387207,1067.06616211,623.887695312,LHC.BPM.1R5.B1_D,3453.24194336,-1743.80517578,1392.76403809,607.830932617,LHC.BPM.1L5.B2_D,4081.56958008,-1442.66833496,1625.04394531,605.905944824,LHC.BPM.1R5.B2_D,-3753.82836914,-1966.45239258,1458.3704834,726.209594727,266,4,2,0,0,11,50,160
153,7483,327463,217,12,1543466840,599,1,17,3,32,ACQUIRING,SEPARATION,7,0.0267611462623,-0.045698992908,0.0490826256573,0.045698992908,-0.0490826256573,0.0133805731311,0.0,-0.0133805731311,-0.0,0,SEPARATION,LHC.BPM.1L5.B1_D,-2764.40942383,-1480.61425781,1112.50292969,544.086486816,LHC.BPM.1R5.B1_D,3452.83105469,-1744.0435791,1335.86120605,770.894287109,LHC.BPM.1L5.B2_D,4081.63598633,-1442.63244629,1595.93457031,533.364074707,LHC.BPM.1R5.B2_D,-3753.79541016,-1966.47277832,1507.57434082,830.00012207,266,4,2,0,0,11,50,160
154,7483,327463,217,16,1543466842,10,1,17,3,32,ACQUIRING,SEPARATION,6,0.0267611462623,-0.045698992908,0.0490826256573,0.045698992908,-0.0490826256573,0.0133805731311,0.0,-0.0133805731311,-0.0,0,SEPARATION,LHC.BPM.1L5.B1_D,-2764.62182617,-1480.2512207,1067.2355957,623.603942871,LHC.BPM.1R5.B1_D,3452.84375,-1744.32177734,1392.77844238,608.049926758,LHC.BPM.1L5.B2_D,4081.77368164,-1442.94995117,1625.15100098,606.158752441,LHC.BPM.1R5.B2_D,-3753.79467773,-1966.26586914,1458.3638916,726.045349121,266,4,2,0,0,11,50,160
155,7483,327463,217,20,1543466843,529,1,17,3,32,ACQUIRING,SEPARATION,4,0.0267611462623,-0.045698992908,0.0490826256573,0.045698992908,-0.0490826256573,0.0133805731311,0.0,-0.0133805731311,-0.0,0,SEPARATION,LHC.BPM.1L5.B1_D,-2769.99780273,-1481.01550293,1069.83117676,624.037475586,LHC.BPM.1R5.B1_D,3458.41577148,-1743.69592285,1395.47180176,607.610778809,LHC.BPM.1L5.B2_D,4078.14208984,-1443.42492676,1623.40454102,606.403076172,LHC.BPM.1R5.B2_D,-3750.39013672,-1965.72155762,1456.54052734,725.889099121,266,4,2,0,0,11,50,160
156,7483,327463,217,24,1543466844,941,1,17,3,32,ACQUIRING,SEPARATION,3,0.0267611462623,-0.045698992908,0.0490826256573,0.045698992908,-0.0490826256573,0.0133805731311,0.0,-0.0133805731311,-0.0,0,SEPARATION,LHC.BPM.1L5.B1_D,-2772.26147461,-1481.1048584,1115.94787598,544.329406738,LHC.BPM.1R5.B1_D,3460.81079102,-1743.47216797,1339.4798584,770.673156738,LHC.BPM.1L5.B2_D,4075.8671875,-1443.53320312,1593.05200195,533.582092285,LHC.BPM.1R5.B2_D,-3748.17456055,-1965.69946289,1504.98718262,829.70892334,266,4,2,0,0,11,50,160
157,7483,327463,217,28,1543466846,454,1,17,3,32,ACQUIRING,SEPARATION,1,0.0267611462623,-0.045698992908,0.0490826256573,0.045698992908,-0.0490826256573,0.0133805731311,0.0,-0.0133805731311,-0.0,0,SEPARATION,LHC.BPM.1L5.B1_D,-2768.9140625,-1480.53662109,1113.85461426,544.122741699,LHC.BPM.1R5.B1_D,3457.41943359,-1744.13305664,1337.34753418,770.93371582,LHC.BPM.1L5.B2_D,4079.76806641,-1443.48498535,1595.17333984,533.553344727,LHC.BPM.1R5.B2_D,-3751.89428711,-1965.76464844,1506.96350098,829.847961426,266,4,2,0,0,11,50,160
158,7483,327463,217,48,1543466853,718,1,19,3,32,ACQUIRING,SEPARATION,10,0.0401417203248,-0.0390087068081,0.0490826256573,0.0390087068081,-0.0490826256573,0.0200708601624,0.0,-0.0200708601624,-0.0,0,SEPARATION,LHC.BPM.1L5.B1_D,-2764.83984375,-1474.75366211,1067.21643066,621.427490234,LHC.BPM.1R5.B1_D,3453.20800781,-1737.07666016,1392.75073242,605.025939941,LHC.BPM.1L5.B2_D,4083.57226562,-1448.93103027,1625.99133301,608.282897949,LHC.BPM.1R5.B2_D,-3755.78881836,-1972.85644531,1459.06469727,728.92376709,266,4,2,0,0,11,50,160
159,7483,327463,217,52,1543466855,130,1,19,3,32,ACQUIRING,SEPARATION,9,0.0401417203248,-0.0390087068081,0.0490826256573,0.0390087068081,-0.0490826256573,0.0200708601624,0.0,-0.0200708601624,-0.0,0,SEPARATION,LHC.BPM.1L5.B1_D,-2763.88305664,-1474.1184082,1066.9197998,621.28503418,LHC.BPM.1R5.B1_D,3452.14916992,-1737.37280273,1392.30847168,605.232849121,LHC.BPM.1L5.B2_D,4083.61767578,-1449.05615234,1626.10534668,608.494567871,LHC.BPM.1R5.B2_D,-3755.53076172,-1973.30810547,1459.13012695,728.663146973,266,4,2,0,0,11,50,160
160,7483,327463,217,56,1543466856,649,1,19,3,32,ACQUIRING,SEPARATION,7,0.0401417203248,-0.0390087068081,0.0490826256573,0.0390087068081,-0.0490826256573,0.0200708601624,0.0,-0.0200708601624,-0.0,0,SEPARATION,LHC.BPM.1L5.B1_D,-2763.87988281,-1474.17919922,1112.27233887,541.629760742,LHC.BPM.1R5.B1_D,3452.29248047,-1737.25280762,1335.94165039,768.14263916,LHC.BPM.1L5.B2_D,4083.15942383,-1449.18347168,1596.15014648,535.972595215,LHC.BPM.1R5.B2_D,-3755.11621094,-1973.24353027,1507.91784668,832.92791748,266,4,2,0,0,11,50,160
161,7483,327463,217,60,1543466858,61,1,19,3,32,ACQUIRING,SEPARATION,6,0.0401417203248,-0.0390087068081,0.0490826256573,0.0390087068081,-0.0490826256573,0.0200708601624,0.0,-0.0200708601624,-0.0,0,SEPARATION,LHC.BPM.1L5.B1_D,-2763.25097656,-1474.95385742,1112.12341309,541.807800293,LHC.BPM.1R5.B1_D,3451.73779297,-1736.48376465,1335.77941895,767.959899902,LHC.BPM.1L5.B2_D,4082.14282227,-1449.10192871,1595.55322266,535.831665039,LHC.BPM.1R5.B2_D,-3754.33959961,-1973.20141602,1507.52929688,833.004516602,266,4,2,0,0,11,50,160
162,7483,327463,217,64,1543466859,583,1,19,3,32,ACQUIRING,SEPARATION,5,0.0401417203248,-0.0390087068081,0.0490826256573,0.0390087068081,-0.0490826256573,0.0200708601624,0.0,-0.0200708601624,-0.0,0,SEPARATION,LHC.BPM.1L5.B1_D,-2763.19604492,-1474.40319824,1066.51513672,621.285400391,LHC.BPM.1R5.B1_D,3451.62939453,-1736.92431641,1391.93603516,605.156188965,LHC.BPM.1L5.B2_D,4081.75805664,-1449.11132812,1625.57531738,608.579589844,LHC.BPM.1R5.B2_D,-3753.93041992,-1973.12548828,1458.56298828,728.49420166,266,4,2,0,0,11,50,160
163,7483,327463,218,4,1543466860,999,1,19,3,32,ACQUIRING,SEPARATION,3,0.0401417203248,-0.0390087068081,0.0490826256573,0.0390087068081,-0.0490826256573,0.0200708601624,0.0,-0.0200708601624,-0.0,0,SEPARATION,LHC.BPM.1L5.B1_D,-2762.83813477,-1474.30383301,1111.84326172,541.729125977,LHC.BPM.1R5.B1_D,3451.21264648,-1737.02709961,1335.45080566,768.044677734,LHC.BPM.1L5.B2_D,4082.33691406,-1449.0300293,1596.00622559,535.765136719,LHC.BPM.1R5.B2_D,-3754.4597168,-1973.06945801,1507.94360352,832.965820312,266,4,2,0,0,11,50,160
164,7483,327463,218,8,1543466862,411,1,19,3,32,ACQUIRING,SEPARATION,2,0.0401417203248,-0.0390087068081,0.0490826256573,0.0390087068081,-0.0490826256573,0.0200708601624,0.0,-0.0200708601624,-0.0,0,SEPARATION,LHC.BPM.1L5.B1_D,-2762.55053711,-1474.33654785,1111.93481445,541.668640137,LHC.BPM.1R5.B1_D,3451.01220703,-1737.19519043,1335.50952148,768.189453125,LHC.BPM.1L5.B2_D,4082.05737305,-1449.33166504,1595.91381836,535.996398926,LHC.BPM.1R5.B2_D,-3754.05029297,-1972.99450684,1507.6315918,832.75213623,266,4,2,0,0,11,50,160
165,7483,327463,218,32,1543466871,202,1,21,3,32,ACQUIRING,SEPARATION,10,0.0535222925246,-0.0323184207082,0.0490826256573,0.0323184207082,-0.0490826256573,0.0267611462623,0.0,-0.0267611462623,-0.0,0,SEPARATION,LHC.BPM.1L5.B1_D,-2761.40283203,-1468.19262695,1065.83776855,619.066589355,LHC.BPM.1R5.B1_D,3450.01586914,-1730.13769531,1391.3248291,602.264038086,LHC.BPM.1L5.B2_D,4082.54199219,-1454.23547363,1625.86791992,610.495788574,LHC.BPM.1R5.B2_D,-3754.48461914,-1981.29992676,1458.88745117,731.868896484,266,4,2,0,0,11,50,160
166,7483,327463,218,36,1543466872,614,1,21,3,32,ACQUIRING,SEPARATION,8,0.0535222925246,-0.0323184207082,0.0490826256573,0.0323184207082,-0.0490826256573,0.0267611462623,0.0,-0.0267611462623,-0.0,0,SEPARATION,LHC.BPM.1L5.B1_D,-2761.17675781,-1468.1809082,1111.23205566,539.140197754,LHC.BPM.1R5.B1_D,3449.71435547,-1730.10668945,1334.90197754,765.489074707,LHC.BPM.1L5.B2_D,4082.765625,-1454.31738281,1596.10107422,538.041381836,LHC.BPM.1R5.B2_D,-3754.88647461,-1981.02807617,1508.00952148,835.907897949,266,4,2,0,0,11,50,160
167,7483,327463,218,40,1543466874,126,1,21,3,32,ACQUIRING,SEPARATION,7,0.0535222925246,-0.0323184207082,0.0490826256573,0.0323184207082,-0.0490826256573,0.0267611462623,0.0,-0.0267611462623,-0.0,0,SEPARATION,LHC.BPM.1L5.B1_D,-2761.9309082,-1468.38818359,1111.65014648,539.317871094,LHC.BPM.1R5.B1_D,3450.22070312,-1729.82556152,1335.24926758,765.255126953,LHC.BPM.1L5.B2_D,4083.60961914,-1454.50219727,1596.68554688,538.073791504,LHC.BPM.1R5.B2_D,-3755.74682617,-1980.79736328,1508.6307373,835.875183105,266,4,2,0,0,11,50,160
168,7483,327463,218,44,1543466875,539,1,21,3,32,ACQUIRING,SEPARATION,5,0.0535222925246,-0.0323184207082,0.0490826256573,0.0323184207082,-0.0490826256573,0.0267611462623,0.0,-0.0267611462623,-0.0,0,SEPARATION,LHC.BPM.1L5.B1_D,-2761.93774414,-1467.97375488,1066.03259277,618.730957031,LHC.BPM.1R5.B1_D,3450.31396484,-1730.25048828,1391.46728516,602.61517334,LHC.BPM.1L5.B2_D,4083.70629883,-1455.2454834,1626.04785156,611.207092285,LHC.BPM.1R5.B2_D,-3755.87451172,-1980.10693359,1459.06738281,731.180236816,266,4,2,0,0,11,50,160
169,7483,327463,218,48,1543466877,56,1,21,3,32,ACQUIRING,SEPARATION,4,0.0535222925246,-0.0323184207082,0.0490826256573,0.0323184207082,-0.0490826256573,0.0267611462623,0.0,-0.0267611462623,-0.0,0,SEPARATION,LHC.BPM.1L5.B1_D,-2762.27734375,-1467.41723633,1111.91223145,538.881347656,LHC.BPM.1R5.B1_D,3450.38916016,-1730.70849609,1391.26745605,602.527282715,LHC.BPM.1L5.B2_D,4083.22143555,-1455.56530762,1596.29663086,538.332519531,LHC.BPM.1R5.B2_D,-3755.38330078,-1979.9510498,1508.23583984,835.757019043,266,4,2,0,0,11,50,160
170,7483,327463,218,52,1543466878,469,1,21,3,32,ACQUIRING,SEPARATION,2,0.0535222925246,-0.0323184207082,0.0490826256573,0.0323184207082,-0.0490826256573,0.0267611462623,0.0,-0.0267611462623,-0.0,0,SEPARATION,LHC.BPM.1L5.B1_D,-2761.27612305,-1467.76147461,1111.42578125,539.039550781,LHC.BPM.1R5.B1_D,3449.7121582,-1730.52502441,1334.96850586,765.559997559,LHC.BPM.1L5.B2_D,4082.90063477,-1454.88525391,1596.37976074,538.092956543,LHC.BPM.1R5.B2_D,-3754.93359375,-1980.4152832,1508.26269531,835.925537109,266,4,2,0,0,11,50,160
171,7483,327463,218,56,1543466879,983,1,21,3,32,ACQUIRING,SEPARATION,1,0.0535222925246,-0.0323184207082,0.0490826256573,0.0323184207082,-0.0490826256573,0.0267611462623,0.0,-0.0267611462623,-0.0,0,SEPARATION,LHC.BPM.1L5.B1_D,-2761.65136719,-1467.86853027,1066.0255127,618.920166016,LHC.BPM.1R5.B1_D,3450.1105957,-1730.5324707,1391.58361816,602.528198242,LHC.BPM.1L5.B2_D,4083.29296875,-1454.83520508,1626.00292969,610.864562988,LHC.BPM.1R5.B2_D,-3755.42822266,-1980.53674316,1459.06652832,731.471069336,266,4,2,0,0,11,50,160
172,7483,327463,219,12,1543466887,249,1,23,3,32,ACQUIRING,SEPARATION,10,0.0669028684497,-0.0256281327456,0.0490826256573,0.0256281327456,-0.0490826256573,0.0334514342248,0.0,-0.0334514342248,-0.0,0,SEPARATION,LHC.BPM.1L5.B1_D,-2764.19165039,-1462.15661621,1066.8347168,616.700317383,LHC.BPM.1R5.B1_D,3452.73828125,-1722.94677734,1392.40612793,599.510009766,LHC.BPM.1L5.B2_D,4082.35400391,-1462.3737793,1626.15124512,613.73236084,LHC.BPM.1R5.B2_D,-3754.31030273,-1985.98046875,1458.77978516,733.965393066,266,4,2,0,0,11,50,160
173,7483,327463,219,16,1543466888,662,1,23,3,32,ACQUIRING,SEPARATION,9,0.0669028684497,-0.0256281327456,0.0490826256573,0.0256281327456,-0.0490826256573,0.0334514342248,0.0,-0.0334514342248,-0.0,0,SEPARATION,LHC.BPM.1L5.B1_D,-2763.27539062,-1462.29699707,1111.91503906,536.869689941,LHC.BPM.1R5.B1_D,3451.70385742,-1722.87927246,1335.42028809,762.537353516,LHC.BPM.1L5.B2_D,4082.65820312,-1462.35400391,1595.77148438,541.164672852,LHC.BPM.1R5.B2_D,-3754.5625,-1985.98669434,1507.89575195,837.752624512,266,4,2,0,0,11,50,160
174,7483,327463,219,20,1543466890,174,1,23,3,32,ACQUIRING,SEPARATION,7,0.0669028684497,-0.0256281327456,0.0490826256573,0.0256281327456,-0.0490826256573,0.0334514342248,0.0,-0.0334514342248,-0.0,0,SEPARATION,LHC.BPM.1L5.B1_D,-2762.625,-1462.48522949,1111.90490723,537.019897461,LHC.BPM.1R5.B1_D,3451.17919922,-1722.59997559,1335.47363281,762.361755371,LHC.BPM.1L5.B2_D,4084.04785156,-1462.17492676,1596.4822998,540.975585938,LHC.BPM.1R5.B2_D,-3755.86889648,-1986.11071777,1508.46374512,837.964111328,266,4,2,0,0,11,50,160
175,7483,327463,219,24,1543466891,588,1,23,3,32,ACQUIRING,SEPARATION,6,0.0669028684497,-0.0256281327456,0.0490826256573,0.0256281327456,-0.0490826256573,0.0334514342248,0.0,-0.0334514342248,-0.0,0,SEPARATION,LHC.BPM.1L5.B1_D,-2762.10107422,-1462.34521484,1065.92614746,616.591125488,LHC.BPM.1R5.B1_D,3450.55224609,-1722.74365234,1391.45336914,599.585144043,LHC.BPM.1L5.B2_D,4083.8347168,-1461.70727539,1626.38293457,613.418579102,LHC.BPM.1R5.B2_D,-3755.8684082,-1986.65454102,1459.25048828,734.288391113,266,4,2,0,0,11,50,160
176,7483,327463,219,28,1543466893,100,1,23,3,32,ACQUIRING,SEPARATION,4,0.0669028684497,-0.0256281327456,0.0490826256573,0.0256281327456,-0.0490826256573,0.0334514342248,0.0,-0.0334514342248,-0.0,0,SEPARATION,LHC.BPM.1L5.B1_D,-2760.60473633,-1461.84655762,1065.46899414,616.511901855,LHC.BPM.1R5.B1_D,3449.05297852,-1723.30187988,1390.98876953,599.602111816,LHC.BPM.1L5.B2_D,4084.11547852,-1461.93554688,1626.08447266,613.604309082,LHC.BPM.1R5.B2_D,-3756.04003906,-1986.60449219,1459.1048584,734.192016602,266,4,2,0,0,11,50,160
177,7483,327463,219,32,1543466894,513,1,23,3,32,ACQUIRING,SEPARATION,3,0.0669028684497,-0.0256281327456,0.0490826256573,0.0256281327456,-0.0490826256573,0.0334514342248,0.0,-0.0334514342248,-0.0,0,SEPARATION,LHC.BPM.1L5.B1_D,-2760.32324219,-1461.97485352,1110.95922852,536.807617188,LHC.BPM.1R5.B1_D,3448.66625977,-1723.2109375,1334.44628906,762.71472168,LHC.BPM.1L5.B2_D,4083.69726562,-1461.39318848,1596.67785645,540.540893555,LHC.BPM.1R5.B2_D,-3755.74389648,-1986.95007324,1508.51843262,838.299865723,266,4,2,0,0,11,50,160
178,7483,327463,219,36,1543466895,927,1,23,3,32,ACQUIRING,SEPARATION,1,0.0669028684497,-0.0256281327456,0.0490826256573,0.0256281327456,-0.0490826256573,0.0334514342248,0.0,-0.0334514342248,-0.0,0,SEPARATION,LHC.BPM.1L5.B1_D,-2759.72070312,-1461.78540039,1064.99975586,616.364196777,LHC.BPM.1R5.B1_D,3448.24267578,-1723.3782959,1390.66125488,599.734863281,LHC.BPM.1L5.B2_D,4084.19311523,-1461.61645508,1626.48583984,613.78338623,LHC.BPM.1R5.B2_D,-3756.28466797,-1986.80041504,1459.54211426,734.072265625,266,4,2,0,0,11,50,160
179,7483,327463,219,56,1543466903,298,1,25,3,32,ACQUIRING,SEPARATION,10,0.0802834406495,-0.0189378466457,0.0490826256573,0.0189378466457,-0.0490826256573,0.0401417203248,0.0,-0.0401417203248,-0.0,0,SEPARATION,LHC.BPM.1L5.B1_D,-2758.01074219,-1455.11706543,1064.60046387,613.827270508,LHC.BPM.1R5.B1_D,3446.35131836,-1717.07006836,1390.13964844,597.26776123,LHC.BPM.1L5.B2_D,4086.15307617,-1467.64465332,1627.00817871,615.753295898,LHC.BPM.1R5.B2_D,-3758.09326172,-1993.83288574,1460.14794922,737.194824219,266,4,2,0,0,11,50,160
180,7483,327463,219,60,1543466904,710,1,25,3,32,ACQUIRING,SEPARATION,9,0.0802834406495,-0.0189378466457,0.0490826256573,0.0189378466457,-0.0490826256573,0.0401417203248,0.0,-0.0401417203248,-0.0,0,SEPARATION,LHC.BPM.1L5.B1_D,-2757.76171875,-1455.18310547,1109.82922363,534.14276123,LHC.BPM.1R5.B1_D,3446.0703125,-1716.88903809,1333.27026367,760.059265137,LHC.BPM.1L5.B2_D,4086.02661133,-1467.2800293,1597.65979004,543.051391602,LHC.BPM.1R5.B2_D,-3758.01147461,-1994.20922852,1509.34594727,841.053833008,266,4,2,0,0,11,50,160
181,7483,327463,219,64,1543466906,122,1,25,3,32,ACQUIRING,SEPARATION,8,0.0802834406495,-0.0189378466457,0.0490826256573,0.0189378466457,-0.0490826256573,0.0401417203248,0.0,-0.0401417203248,-0.0,0,SEPARATION,LHC.BPM.1L5.B1_D,-2758.09960938,-1455.61474609,1110.14831543,534.32220459,LHC.BPM.1R5.B1_D,3446.52099609,-1716.50048828,1333.62194824,760.018615723,LHC.BPM.1L5.B2_D,4087.30273438,-1467.79748535,1598.41027832,543.479309082,LHC.BPM.1R5.B2_D,-3759.17041016,-1993.74279785,1509.93518066,840.704589844,266,4,2,0,0,11,50,160
182,7483,327463,220,4,1543466907,659,1,25,3,32,ACQUIRING,SEPARATION,6,0.0802834406495,-0.0189378466457,0.0490826256573,0.0189378466457,-0.0490826256573,0.0401417203248,0.0,-0.0401417203248,-0.0,0,SEPARATION,LHC.BPM.1L5.B1_D,-2758.32885742,-1455.68908691,1064.74047852,614.055114746,LHC.BPM.1R5.B1_D,3446.66674805,-1716.45532227,1390.27026367,596.971069336,LHC.BPM.1L5.B2_D,4087.68847656,-1467.703125,1627.54602051,615.663024902,LHC.BPM.1R5.B2_D,-3759.53442383,-1993.7512207,1460.73828125,737.183776855,266,4,2,0,0,11,50,160
183,7483,327463,220,8,1543466909,73,1,25,3,32,ACQUIRING,SEPARATION,5,0.0802834406495,-0.0189378466457,0.0490826256573,0.0189378466457,-0.0490826256573,0.0401417203248,0.0,-0.0401417203248,-0.0,0,SEPARATION,LHC.BPM.1L5.B1_D,-2759.015625,-1455.27600098,1065.02746582,614.005126953,LHC.BPM.1R5.B1_D,3447.45361328,-1716.68920898,1390.7598877,597.012451172,LHC.BPM.1L5.B2_D,4087.2121582,-1467.75146484,1627.2824707,615.901062012,LHC.BPM.1R5.B2_D,-3759.28027344,-1993.48754883,1460.52600098,736.74822998,266,4,2,0,0,11,50,160
184,7483,327463,220,12,1543466910,485,1,25,3,32,ACQUIRING,SEPARATION,3,0.0802834406495,-0.0189378466457,0.0490826256573,0.0189378466457,-0.0490826256573,0.0401417203248,0.0,-0.0401417203248,-0.0,0,SEPARATION,LHC.BPM.1L5.B1_D,-2759.73120117,-1455.44262695,1110.97521973,534.179199219,LHC.BPM.1R5.B1_D,3448.27587891,-1716.47216797,1334.41125488,759.997009277,LHC.BPM.1L5.B2_D,4086.76293945,-1468.05187988,1597.9263916,543.518188477,LHC.BPM.1R5.B2_D,-3758.60571289,-1993.48925781,1509.40136719,840.938842773,266,4,2,0,0,11,50,160
185,7483,327463,220,16,1543466911,998,1,25,3,32,ACQUIRING,SEPARATION,2,0.0802834406495,-0.0189378466457,0.0490826256573,0.0189378466457,-0.0490826256573,0.0401417203248,0.0,-0.0401417203248,-0.0,0,SEPARATION,LHC.BPM.1L5.B1_D,-2759.85253906,-1455.82226562,1065.11340332,614.30670166,LHC.BPM.1R5.B1_D,3448.22241211,-1716.13195801,1390.71166992,596.742248535,LHC.BPM.1L5.B2_D,4086.85058594,-1468.11413574,1627.35571289,615.954528809,LHC.BPM.1R5.B2_D,-3758.62475586,-1993.4375,1460.54174805,736.706420898,266,4,2,0,0,11,50,160
