Timestamp, IP5-H:Angle, IP5-H:Residuals, IP5-V:Angle, IP5-V:Residuals
NUMBER-POINTS 662
1.501264980607E12,0.145318052160266,10.20528146629778,0.01583166905712315,7.705404048947178
1.501264983526E12,-0.026928955263687295,13.888785837988827,0.007251507407168137,7.358794566103049
1.501264986526E12,-0.04043375644364201,14.278861011075213,0.026961034933466688,8.154017153158952
1.501264989526E12,-0.033952662344445314,14.31501476715291,0.006794540835974304,8.178514671427275
1.501264992526E12,0.15683646419709762,10.35275730824494,0.05567686102406072,6.113903376238899
1.501264995527E12,0.12057133823997104,9.899320773448533,0.1167904510756496,5.976024059524388
1.501264998527E12,0.12097441342252672,9.578687428580626,0.05203686382820205,6.509324673042361
1.501265000606E12,-0.030855193672812517,13.807635086210418,0.015730638824255024,7.410722702740214
1.501265004527E12,7.733116237762229E-4,14.96987818308431,-0.0034877883206134706,9.512164986819473
1.501265007527E12,0.13744422777144838,9.759585605973655,0.06913736028046627,6.859765419497351
1.501265010607E12,0.13707806067395306,9.323494687586283,0.0481387095745022,7.817716563276364
1.501265013527E12,0.2840623484392347,11.415571136479093,0.003366101387571546,9.307058898125021
1.501265016527E12,0.16895489674024244,10.928560523978184,-0.021209344034590457,10.851253554218667
1.501265019526E12,-0.11093805372462823,13.623439073507248,0.006728197749978845,10.967210308215616
1.501265022526E12,0.00215021698415296,15.699928501363607,-0.013489143390309823,10.101990173527417
1.501265025526E12,0.055503468205858913,14.958922402837599,0.025179441082524318,11.045643119050856
1.501265028526E12,0.04608865346584806,15.44687317007393,0.02179723289312196,12.124525811443057
1.501265030607E12,0.0937522540194342,15.165050109046918,0.03921236126628401,12.323050409591348
1.501265034526E12,0.0464690068633846,14.332644546348309,0.044154091930916864,12.00930983652069
1.501265037526E12,0.012576149538626461,13.885349850515128,0.03324787800797263,10.823391071987766
1.501265040607E12,-0.020435657718601827,13.82986967037978,0.04791021782458785,11.211410092512827
1.501265043527E12,0.03129056560239308,14.243810041353512,0.04154928558573942,11.064322803099705
1.501265046527E12,0.24728563750960456,11.271675659658172,0.03486230886252459,11.005894343224172
1.501265049527E12,0.06976360861367745,14.967493436330873,0.001875888240051348,10.28755542779407
1.501265052526E12,0.0444826106810244,16.47627307005077,-0.03497413483786767,11.515004132388139
1.501265055527E12,0.015652179296786056,16.412359538874256,-0.016364351589231284,11.916568258129042
1.501265058526E12,0.020210761056433105,14.88200582822403,0.0059709422325688,11.456098471778821
1.501265060607E12,-0.012985076721158641,14.579873160602961,0.006256424330121774,11.972087115403424
1.501265064526E12,0.07419325231992277,16.900063695471342,-0.017014477433763973,12.124918798458735
1.501265067527E12,0.05561666001004965,17.485175309529165,-0.011196959037211993,12.98320678657231
1.501265070606E12,0.06542597965310641,16.748619338379186,0.0158302651823663,12.559645867751087
1.501265073527E12,0.04876618026122549,17.095347326093894,-0.01041854050964174,13.789197590456336
1.501265076527E12,0.06674343435360165,16.432652086745033,0.001802274524420331,14.66729234415606
1.501265079527E12,0.0568123904527623,16.896283007145186,0.0021899827154467995,14.692686994491583
1.501265082526E12,0.09262184536624342,16.54666554461335,0.007497009825851708,15.400854664491304
1.501265085526E12,0.0755804110952734,16.220477263500005,0.06070692656185052,15.411140235677133
1.501265088526E12,0.05951546566275209,16.446752610944852,0.03867651057284249,15.663162513572239
1.501265090607E12,0.049961676790724184,16.03812950379087,0.02105315146592392,16.30936072889704
1.501265094526E12,0.051844431860380194,16.069712461164634,0.04366722580409758,17.65869191938362
1.501265097526E12,0.06999810180270279,15.535606151230319,0.07424454676713611,16.7033598690595
1.501265100607E12,0.011024990398054301,13.452626375753114,0.06173381205774648,16.84281595425806
1.501265103526E12,-0.030215990353427317,13.421462466586966,0.016824134545497152,16.96914489618469
1.501265106527E12,-0.0385745849424437,13.673651882438566,0.05670222530580142,17.01432274878371
1.501265109527E12,-0.024339087087549807,13.301370356142282,0.03944227251398577,16.935106469987073
1.501265112527E12,-0.026657051408663358,13.367669524147225,0.08145039941169116,16.37007105231866
1.501265115527E12,-0.016856286958124658,13.367295653084865,0.031116640865770918,15.463918892589797
1.501265118527E12,-0.02617755006533441,13.262740473601655,-0.018657008862645097,15.360247104146698
1.501265120607E12,0.029446175932526384,11.688040352399161,-0.10181043336317715,15.264157119234264
1.501265124527E12,-0.045439177997363175,13.530101992082844,-0.05105161153747383,13.374360142803985
1.501265127526E12,-0.015463195922338814,11.533203498295121,-0.06843927248816638,12.154670154144718
1.501265130607E12,-0.03751022392470216,14.110558255146424,-0.019133755924094786,11.573622626816785
1.501265133527E12,-0.0411755799954255,14.09692566517996,-0.029699307186558607,11.726567868044466
1.501265136527E12,-0.04204406402476212,14.376964079696501,0.0031506800873301755,8.835266262961701
1.501265139527E12,-0.058921422805218907,13.181692757081313,0.00820800358414592,8.802922849600167
1.501265142527E12,-0.06313107401069866,12.993604991677099,0.013765684857152159,7.975162329533695
1.501265145527E12,-0.06404327498894034,13.237031989325336,0.047591473167703374,8.004829444064061
1.501265148527E12,0.14353859017733497,10.583127396547326,0.05231654531177655,7.935343706301838
1.501265150606E12,-0.01569130316091911,14.744592942275974,0.04014780416355481,7.782386631284738
1.501265154527E12,0.12197551966609603,10.809217111518707,0.02206992942243901,7.10439708407218
1.501265157526E12,0.11366555137831388,10.573104116290198,0.025660010305866194,7.950630096665092
1.501265160607E12,0.13235693491784872,10.341998522529439,0.03427220823084933,7.139421288546633
1.501265163526E12,0.14614262984081786,10.387379752570867,0.03719393102360211,7.947085925811824
1.501265166526E12,-0.014367782726156757,14.333184371371335,0.004674079294862443,7.951736713691274
1.501265169527E12,0.1731356293107523,11.385031621686737,-0.019460867458415913,10.446905932924633
1.501265172527E12,-0.0027359400067100575,14.141093136394394,-0.0038265709514701774,10.462376269356769
1.501265175527E12,0.04050881222753115,15.890668226539873,-0.014945087839195471,10.92719032997931
1.501265178527E12,0.04632574551971081,16.082355538701716,-0.04714102583025682,11.898148721274056
1.501265180607E12,0.03108317539616341,15.702809834822396,-0.01570515841365664,12.29499426867799
1.501265184526E12,0.05682700001546307,15.582514825812831,0.0361118828610855,12.010562418742152
1.501265187527E12,0.1265404809709859,11.177929347690103,0.022508908380923117,12.410385096719814
1.501265190607E12,0.005358249190777546,15.892067258199937,-0.023427399571433173,12.929528298212393
1.501265193526E12,-0.039510207407261036,15.599828067215842,0.002771192787825608,14.107289421309357
1.501265196526E12,0.04196644670998926,15.974343839241229,-0.04540522032843299,13.316393372991834
1.501265199527E12,0.07281840852056334,16.418094811608828,0.03040625504149743,15.11556513032154
1.501265202527E12,0.013172129597790839,16.225418793449485,0.021473874559047125,16.00932080952203
1.501265205526E12,0.13473462387127047,16.482065575892342,-0.017630873236841035,14.067334480539976
1.501265208526E12,0.11690605898443847,16.136393356167385,-0.03631065046381025,14.705560353988506
1.501265210607E12,0.05463575873136997,15.625536022224411,0.033481084212143006,14.702908888618358
1.501265214527E12,0.092534272080467,15.797536838592267,-0.03751425360114098,15.19294990624522
1.501265217527E12,0.0650881150064917,16.231637760700373,-3.7612413414632874E-4,16.419710775360286
1.501265220607E12,0.03103327603070012,15.93961421875231,-0.00744443096729128,17.434584286840607
1.501265223526E12,0.054240875718895985,15.673935469621611,-0.021047199522187834,17.11830470325363
1.501265226527E12,0.01531296642267355,14.964545129561932,-0.014150427842884747,16.660177717381924
1.501265229526E12,-0.06405137840573509,13.06040184425657,-0.009322576436612768,16.52476123680159
1.501265232527E12,0.02478713985782487,13.46552686751696,-0.02673047572317442,16.28174658602649
1.501265235527E12,0.009123874489869307,13.05327038366432,-0.027780277855580814,14.918616831028267
1.501265238527E12,-0.006327976168057339,13.48023604628946,-0.017084131229337957,14.119194006890716
1.501265240607E12,-0.020541606117517035,13.132870007899134,-0.003525334085692691,13.406980951793138
1.501265244527E12,-0.05133677861992669,13.134092071484964,0.021480642863703645,12.334024736747367
1.501265247527E12,-0.06994378751891583,13.373658890702378,0.012829246091432878,11.232938355310361
1.501265250607E12,0.00661535893348453,11.74316346323937,-0.03687426392458908,11.375276415223741
1.501265253527E12,-0.06362018644301429,13.916385003737139,-0.04264006484748423,10.873598461401604
1.501265256526E12,-0.008210671108492471,11.706462356922644,-0.07642484559604404,9.2074405054174
1.501265259527E12,-0.09672418109668157,13.058921451020655,-0.11561953124439202,8.107783053909714
1.501265262526E12,-0.038256552342558196,12.617976058172278,-0.020015695649232113,7.442397814337475
1.501265265526E12,-0.057443618962176576,14.497455307350315,-0.01581603808410354,7.896370615174727
1.501265268526E12,-0.04480624737071439,14.883547613507288,-0.01968208783980318,7.466555500893402
1.501265270607E12,-0.07303045426781263,15.639771271340065,-0.04046400594793569,8.973736388043324
1.501265274527E12,-0.11266862016427924,14.324367536968634,9.639588400021323E-4,8.252875368951772
1.501265277527E12,-0.10190131417743387,14.364399720865569,0.02333748149225998,11.508612412299579
1.501265280607E12,-0.12640522526257258,14.465496419914986,0.07326445887027283,11.067722538166777
1.501265283527E12,-0.1521729020162614,15.200165672224305,0.03700804686326574,10.6010347059684
1.501265286527E12,-0.11553364132113143,14.339672726862613,0.08636156773547696,12.170530642816878
1.501265289527E12,0.06501503374680284,10.586069579772264,0.044589569008699474,10.25748425117258
1.501265292526E12,-0.14635343650430577,14.351098501267735,0.0643991302897645,9.112790839522892
1.501265295527E12,-0.08113062239916706,15.495212236728943,0.07605216237808017,8.387434549756884
1.501265298526E12,0.08073499558997702,11.270257238348764,0.10785004232615805,8.621788792443558
1.501265300607E12,0.1074678299865137,11.150888939527384,0.136366332870604,7.074212332789045
1.501265304526E12,0.09654293055836467,11.484197789684229,0.09997112570179074,7.5020207651508555
1.501265307527E12,0.09388080697018228,11.241416751885263,0.0993118633566317,6.549869773427425
1.501265310607E12,-0.02697218500166423,16.81823378854595,0.09464482456392419,6.815331335812279
1.501265313527E12,0.07852176078237125,11.577967625487302,0.13414108225434085,6.695482534858422
1.501265316527E12,0.09771711432814169,11.441531092610733,0.13564549219432348,6.615514083615579
1.501265319527E12,0.09700665213699582,11.474802256359995,0.10582980913732876,7.527065028440785
1.501265322527E12,0.08235870908334877,10.826498033205814,0.10183007367943533,6.769712547527366
1.501265325526E12,0.061393704266703715,9.877487727215323,0.14275691331506057,6.527155913559481
1.501265328526E12,-0.0286777333739349,16.09364915440195,0.05914228679695679,8.941536597911155
1.501265330607E12,-0.012005753733625142,16.463675729380256,0.05443168138348423,8.592075148962925
1.501265334527E12,-0.028265226747509496,16.091229055540357,0.11921872728901674,8.277149010073229
1.501265337527E12,-0.05087599119973656,14.158398658037232,0.09864865388820938,9.6107694570984
1.501265340607E12,0.0763721613410637,10.501488476589232,0.14046031951052462,9.732644968411437
1.501265343527E12,-0.07838780479300819,13.8397221462563,0.09472749908408129,10.896298155807017
1.501265346527E12,-0.07148495406759316,14.099026534409242,0.07111420826218286,12.003998037438492
1.501265349527E12,-0.14562278817878777,13.123410872366444,0.08462875127936606,10.599048855793962
1.501265352527E12,-0.08636400469284083,13.87162681915502,0.13019353488754343,9.838759269974718
1.501265355527E12,-0.12319771512307079,12.607101525315295,0.1298032713594478,9.599803261372992
1.501265358527E12,0.09315085315547898,11.018846572569906,0.1440235126971019,8.565190251068477
1.501265360607E12,0.04085134005236511,10.373373430814235,0.11938019328418159,9.044029682161021
1.501265364526E12,-0.14090475324820492,13.16079191718254,0.10614923140079857,8.758849921027679
1.501265367527E12,-0.07060371618071352,15.802002826297112,0.07056179191700958,9.403907640267482
1.501265370607E12,0.07488975487258216,10.901158833704022,0.10231166654508721,10.021632923035918
1.501265373526E12,0.07494202004536417,11.530857482675751,0.06546852495388666,10.969688072004407
1.501265376527E12,0.054444796417080554,10.841998013594115,0.09507349635193517,9.33251756379442
1.501265379527E12,-0.019636466634179093,15.377947668873967,0.13108188013976144,7.33435942020304
1.501265382527E12,0.004488846324126129,16.049746483696865,0.1312260818561571,10.40995710919323
1.501265385527E12,-0.0023430541325666645,16.002431827744136,0.09674879367799902,10.902844103439998
1.501265388526E12,0.10128398171188951,11.337603166379244,0.1123789809395271,10.596387193547242
1.501265390607E12,-0.02949123540860135,16.821972423452056,0.056502344704324366,11.856791569896009
1.501265394526E12,-0.04165016485761009,16.05997997796103,0.09564364796885504,11.062019419938398
1.501265397526E12,-0.049142668134540796,16.10200355927792,0.10483337022224437,11.634751855706229
1.501265400607E12,-0.010371776403451773,15.701947940871603,0.11907824534191101,11.564528599266659
1.501265403526E12,-0.023957994734085834,15.832079644555977,0.12730979096579856,12.215532761108403
1.501265406527E12,-0.014897029750613553,15.687318530404292,0.10585864670263072,12.468767507320937
1.501265409526E12,-0.03191291925599067,15.128552463528225,0.08407777544595824,12.40280998216268
1.501265412527E12,-0.018408261939281294,15.512095533505326,0.11824015758894568,13.504109850361232
1.501265415527E12,-0.04222759177300857,15.655503397923843,0.13669753831189915,13.501641278308464
1.501265418527E12,-0.04108954897462337,14.013684215166432,0.14622896982142922,14.339273918825205
1.501265420607E12,-0.061383471060610005,13.948426644565943,0.13531694249134182,13.965593771521574
1.501265424527E12,-0.07464535469669956,13.472950424968202,0.10682151434547837,14.00793731263504
1.501265427526E12,-0.08846958508926026,14.324207662465653,0.04088840085113952,14.644940634345636
1.501265430607E12,-0.08748215803486865,14.29169136871658,0.10628111632221128,14.178687567060555
1.501265433526E12,-0.08709073454502854,13.889375448080772,0.11663291322700611,13.51502435782372
1.501265436526E12,-0.04217803689430838,13.902490942645562,0.12101084594348159,13.099871025079404
1.501265439527E12,0.03768768029006396,13.816060187532955,0.07730656690378027,13.107473237060447
1.501265442526E12,-0.0358681430808006,13.629307916631129,0.08109207787314691,12.069159931436603
1.501265445526E12,-0.017362872245047723,11.926333729785753,0.07730932193990278,11.86338345550259
1.501265448527E12,0.031653741097329186,11.2075705874227,0.048063968597425004,10.922189911234037
1.501265450607E12,0.028648921371118092,12.195066877948957,0.08100579543198481,10.812882826515077
1.501265454527E12,0.05031951860350807,12.995383711303363,0.15459559340935178,9.46584607922339
1.501265457527E12,0.07453526789773007,12.575597325276448,0.16339039837130756,9.941665642199135
1.501265460607E12,0.114893845196724,12.554412961268074,0.12468763579240853,9.727023329011782
1.501265463526E12,0.04645328227907511,12.81400417054648,0.12184895505092491,10.059557660712501
1.501265466526E12,0.23605110185305106,8.44940170715493,0.17015719693224263,9.892456574582411
1.501265469526E12,0.11487606716838586,13.77348422768367,0.08573011261463377,10.599469238278616
1.501265472526E12,0.024700829943575597,15.288464552218223,0.11149716310310606,9.13089603037841
1.501265475646E12,0.22989398316828485,11.20947120220181,0.10605535127847253,7.295052879417097
1.501265478527E12,0.11467668267872184,13.430570587364462,0.04199097981830429,12.072045430085076
1.501265480607E12,0.22343201210293404,11.456060842530043,0.09003964473328019,9.349217411525721
1.501265484527E12,0.0637606763549487,15.483574455451881,0.06873146114630846,11.089334577810336
1.501265487526E12,0.1552495077882148,16.813964861213403,0.08329642885099783,8.638646533400706
1.501265490607E12,0.044542809227067943,13.272292088424134,0.14227382167330715,6.788837317851273
1.501265493526E12,0.2318402909803088,9.992216317086335,0.1263051978100429,8.068279440698399
1.501265496526E12,0.07134488389776314,14.633756605740189,0.09167906534041782,9.025279782513458
1.501265499527E12,0.05816324287764973,14.908516961338854,0.08851742305134981,9.082673520867536
1.501265502526E12,0.13640239615179633,13.095184999606488,0.0876346484702172,9.666605054845938
1.501265505527E12,0.1219012384369606,12.30390272899867,0.15462114781980538,9.116348380778641
1.501265508526E12,0.13447030994526435,11.410573220662712,0.1520582051695197,8.934203215149974
1.501265510606E12,0.13900306898589573,12.437355458524218,0.1745954521788543,8.438159155785163
1.501265514526E12,0.09813878444526719,10.05631364484539,0.1566877671408581,7.777530883986959
1.501265517527E12,0.09168812353918239,12.286645722538287,0.1361977433500567,8.664172685428733
1.501265520607E12,0.12385162050875659,12.442682555859902,0.10584146312475295,8.876309485160284
1.501265523527E12,0.12436275295813957,12.865028366993654,0.13806646307989995,8.134272760905832
1.501265526527E12,0.08913897311722124,10.95167430601687,0.13849925922955353,7.716644458720285
1.501265529526E12,0.1419360518823975,10.737931457519684,0.13339410563787957,7.311763965371378
1.501265532526E12,0.10033361336493932,13.643291204754453,0.11530498025706995,8.734832514532062
1.501265535526E12,0.27988554306001423,8.722784822640195,0.11694278395051914,7.967057309659452
1.501265538526E12,0.1258196459167931,12.9886242168783,0.12026307588062454,6.667913040221586
1.501265540647E12,0.20324850867414318,10.043266844600527,0.1548632772200102,6.181461733642741
1.501265544526E12,0.2778447671798431,12.085927594292725,0.14968548527411035,7.80383236264704
1.501265547527E12,0.12748461793955268,13.325925584173472,0.14663913934218376,9.044112946474923
1.501265550606E12,0.23390760785376238,9.348470166486075,0.1871890209725915,5.678026602387473
1.501265553527E12,0.19430166513913838,10.944316577540732,0.13192700454270437,7.504414810471484
1.501265556567E12,0.2176760245307915,8.970371734349314,0.0712509990558356,9.044943873541136
1.501265559566E12,0.15469820720756283,11.053620952691885,0.10754412274107968,8.920454219980668
1.501265562566E12,0.17040695498490263,11.001986244192164,0.11573224237287609,8.45734229275821
1.501265565567E12,0.16378145768180843,11.279090841942995,0.09075480792816633,10.145579905321098
1.501265568567E12,-0.03420667681956461,15.07584844965898,0.10088391340657678,10.957058874938124
1.501265570606E12,0.045248568496969836,15.954107154348772,0.08381722645470764,11.016609501153148
1.501265574567E12,-0.014318985486083582,14.704889458579359,0.13330155534902674,11.267728467103105
1.501265577567E12,-0.020685772384952377,15.08076463823472,0.07325387474340755,12.403093833036731
1.501265580647E12,-0.01849424532084448,14.491709789274339,0.06790015035099867,12.652038748492814
1.501265583567E12,0.038116709147275704,12.864322205431325,0.10717177521022149,12.025584584299226
1.501265586566E12,0.04910847208721842,12.332009537774319,0.1261063978227155,12.120001275457824
1.501265589567E12,0.024126528124066276,12.140538915455696,0.09925915514860144,12.10215332428716
1.501265592567E12,0.029914904320828658,11.734477581049966,0.0948718161343333,11.841517592118107
1.501265595567E12,0.024661444542020457,11.932852945045688,0.10469308549820391,11.062315349763761
1.501265598567E12,0.018969266256634986,11.727270316191246,0.04434489218481121,11.107417868843134
1.501265600647E12,0.019493115017417375,11.628305127959631,0.06662553951082285,10.948058375259423
1.501265604567E12,0.021338732113202176,12.313026959067482,0.0984991641801186,9.669923663920335
1.501265607566E12,0.009544038321363711,12.161046206646994,0.09947394909911168,9.487625838599632
1.501265610647E12,0.02535998749469626,12.695085879848165,0.025457859568651375,10.480348743200661
1.501265613567E12,-0.03285425128354536,10.732451100041454,-0.04776597740963775,10.248603458431669
1.501265616567E12,-0.12204090371036332,15.835143635382323,1.821925061217531E-4,7.502858782280499
1.501265619567E12,-0.11055626994322505,16.08274082114047,0.03902411436730939,10.148730986729595
1.501265622567E12,0.014099991114416278,14.260356903426574,0.04952335982029549,10.779490416855646
1.501265625567E12,-0.04992687324411622,16.537392948983367,0.1261542235631945,10.676407896690604
1.501265628567E12,-0.06674705378627852,16.115436913654875,0.1296917771888499,12.058794159230265
1.501265630647E12,-1.855732106862865E-4,14.53877888281373,0.0390806835705047,12.674083256646902
1.501265634567E12,-0.08330593035896387,14.53150880088723,0.009416114364846776,12.836707532514732
1.501265637567E12,-0.16106600075656277,15.47892407356174,0.05400977661671736,9.349708773371944
1.501265640647E12,0.007630675678152332,14.678363308983553,0.13408362125241746,12.710375307227856
1.501265643567E12,-0.07952679836392464,16.288541616281183,0.11535489107023608,11.893066522392473
1.501265646566E12,0.06773654590009297,11.336779145185163,0.1361749229289588,10.588963442402445
1.501265649567E12,0.13659172862103888,11.135083217981778,0.1373483895431588,9.0899838101438
1.501265652566E12,0.07036346376990246,10.929806645891786,0.15412832606473487,8.032389148435506
1.501265655567E12,0.0880093251716555,11.339859998605903,0.17008840747137932,7.54025638124785
1.501265658567E12,0.14983071767200173,11.415219350973572,0.11823313757330012,7.857421616405248
1.501265660647E12,0.10512477962573837,11.370969806449141,0.09746349917071866,7.850649703826401
1.501265664568E12,0.09551082807769576,10.604777971617544,0.12785504427060052,6.418683984967837
1.501265667567E12,0.11825577727359379,10.928070996290147,0.15788536427667216,6.009707821924054
1.501265670647E12,0.10073114730034433,11.106657569228805,0.12369117677522039,5.951987433630867
1.501265673567E12,0.1323038299441737,11.095197451279462,0.1295655306949259,5.460505899047504
1.501265676567E12,0.14269768922783227,11.07465465013755,0.14083578700341068,6.1836443879022776
1.501265679566E12,-0.05962983483309135,14.71396563074074,0.11830705965856636,7.389073113157152
1.501265682567E12,-0.06017150097541508,14.617134329849145,0.12280172015738679,7.861382242600979
1.501265685567E12,-0.05150147306731477,14.268040249055314,0.10177443690506292,9.094554670074265
1.501265688566E12,-0.023494395928626063,16.092736515032755,0.08877097630695274,8.481668879708558
1.501265690647E12,0.014467036821463206,15.714065251981976,0.09507777878825704,8.782025867802172
1.501265694567E12,0.019726337232723948,15.745491763795634,0.13855170856008994,8.910809700560353
1.501265697567E12,0.026512888734943407,15.557450103879313,0.11188145705019431,9.101051672330144
1.501265700647E12,-0.0387265857681935,14.20291060746202,0.07460389110904873,9.451338512625238
1.501265703567E12,0.16312756722916938,8.726767597835691,0.0733344362987542,9.517938369864552
1.501265706567E12,0.023662168840114895,12.617079394223648,0.07952454360832208,9.473280146391668
1.501265709566E12,0.1291354880596175,10.879087235081773,0.13434848794577042,6.9827692152112535
1.501265712566E12,0.004651943565450964,14.114181731133032,0.12133867368488364,6.951401691967759
1.501265715566E12,0.04352137995366189,12.962952503635613,0.09611620112590152,7.85068234793164
1.501265718567E12,0.027806777726607588,15.946142061649864,0.07810774329096422,9.443946099534832
1.501265720647E12,-0.007995448356974494,14.6483772490746,0.10479500039998463,9.386822368388474
1.501265724566E12,0.036126996379238344,15.844568961312241,0.09474226795725406,10.498280010205125
1.501265727567E12,0.005656576973791812,14.10362412688783,0.10690692397493623,10.994387070950745
1.501265730647E12,0.04026945297298069,15.69233370610949,0.11498052593268841,11.851681552455856
1.501265733567E12,0.06657480703814642,15.588413951250134,0.11812579686393195,12.009433586300377
1.501265736567E12,0.057127443299999456,15.285893267284282,0.047658828475507474,12.671645238570981
1.501265739566E12,0.021820429292200606,14.742685758525433,0.09789500312537636,12.502906659372655
1.501265742567E12,-0.009357530274657572,13.052723679447823,0.12574293504729347,12.167372921725455
1.501265745567E12,0.012808449313037562,11.189419241424291,0.10860536208749072,12.180695642415403
1.501265748566E12,0.0320910209093226,15.266256034324371,0.06408219417678368,13.502989329361666
1.501265750647E12,0.005279053950748461,11.040208366394442,0.10975944974012368,12.886770513650681
1.501265754567E12,-0.026243967694000482,11.035979316614098,0.12646797809711982,11.120275974494481
1.501265757567E12,-0.03373342942326249,14.51392035325931,0.13104782907696103,10.044770065914134
1.501265760647E12,-0.028724103378980848,11.248338495763926,0.10937898380950557,9.10307008430655
1.501265763567E12,-0.05176327821265554,12.165920799732433,0.06062614467733604,9.804302663289954
1.501265766567E12,-0.10948587097374696,14.355456089921079,0.09815407798464593,8.704304284274231
1.501265769567E12,-0.08903231074438311,14.449650692212197,0.061097362323034685,7.791930730538131
1.501265772567E12,-0.07135870562844443,13.382073248740728,0.1047999484328952,8.03573854719389
1.501265775567E12,-0.0797785326347161,12.981251205130231,0.09567884483604126,8.533981443651928
1.501265778567E12,-0.05388639690380338,13.117759224399068,0.11259636053933367,8.766904519291048
1.501265780647E12,-0.054327623902415044,13.148320074105879,0.11237488620708455,8.998006055920381
1.501265784566E12,-0.05833512314290588,12.245430514554714,0.1353971707109288,7.520763312362126
1.501265787567E12,-0.03544528494776923,13.262839989208363,0.10765357644074723,6.2649311194064135
1.501265790647E12,0.11827287538576597,8.873919222951013,0.11644089925911766,6.641804496580203
1.501265793567E12,-0.021522959034249292,13.089479182779503,0.11679029573629433,6.905071617120278
1.501265796566E12,-0.006739269187948953,13.110141276626164,0.10351551270241371,8.213309246434319
1.501265799567E12,0.07346834062669846,16.907497430216825,0.1134982461520584,6.9784505411907025
1.501265802567E12,-0.030415983317855298,16.806057627517333,0.09734570094140925,7.453011321068681
1.501265805567E12,0.10388165429998364,10.520833422269446,0.08196455638103102,7.978490947066508
1.501265808567E12,-0.08061950658422262,16.175024171858432,0.07132683337517703,8.346086162875842
1.501265810646E12,-0.08236890174437761,12.939971859291015,0.053633778535403916,9.015626929917728
1.501265814567E12,-0.06473078516312343,16.06423151622052,0.08904053220605916,9.257328463720238
1.501265817567E12,0.02168911113529079,15.571234681449184,0.049430601690093064,10.22400505545096
1.501265820647E12,-0.015556600785816206,15.769131450327954,0.020938730548879608,10.591192726217006
1.501265823566E12,-0.04781739073133924,14.879158434084406,0.11078923369130161,9.18731545036124
1.501265826566E12,-0.02005994272985982,15.141433372071138,0.09087612257501147,10.55454041510841
1.501265829567E12,-0.006861612708040699,15.210105306130684,0.09971364626894696,11.469545289699045
1.501265832567E12,-0.04813812577842886,15.068099573043472,0.08837194306295235,12.330862074254595
1.501265835567E12,0.09235667103744657,8.746440795313523,0.07533188102053048,11.65634342003273
1.501265838567E12,-0.05286070557940697,14.933674853227618,0.08411814935123266,11.941282491651453
1.501265840647E12,-0.04849357514975559,14.274612588746312,0.07968690325919078,12.803207466377096
1.501265844566E12,-0.046371526853137765,14.46548092078094,0.11668150281759511,12.379972733204077
1.501265847566E12,-0.03911223622477586,14.238288781946158,0.08645255667190652,12.555995838861707
1.501265850647E12,-0.10465010690155714,11.516640011466091,0.07160788263407894,12.887203105060822
1.501265853567E12,-0.06586048990602403,14.207848116219541,0.06642863592788403,11.284789147648032
1.501265856567E12,-0.047442135214645464,11.245922618409082,0.1396270717885789,10.707187189412844
1.501265859567E12,-0.025968590327707194,13.348800490377315,0.14464262862747265,10.500026603767918
1.501265862567E12,-0.09555299195730439,11.637468505928549,0.08198538365497257,9.041764311071383
1.501265865567E12,-0.0766018800958255,11.893966747182253,0.09200149327885158,10.149007631835191
1.501265868567E12,-0.09581402669948412,11.644050728147938,0.09015122153292443,10.89823336534781
1.501265870647E12,0.01158249228961055,8.235553409478046,0.14521136078876387,9.300878827261279
1.501265874568E12,0.07843061481396417,8.187727172336384,0.11440258295771435,7.800817420685743
1.501265877567E12,-0.07186141449012076,12.017351170966865,0.07558266354769823,7.285815426608837
1.501265880647E12,-0.13746129019693928,14.980494690411016,0.06700512736079368,9.235148421804528
1.501265883567E12,-0.09237479832527794,13.279837472972831,0.06606003232570061,8.215229825889207
1.501265886566E12,-0.08184593951665238,12.825686208184967,0.06169697535260316,9.51513079814493
1.501265889566E12,0.07058494886094087,8.465889585839168,0.10792102487113595,8.155546987771718
1.501265892567E12,-0.10225918170907448,15.448072966689853,0.0384663540879141,8.328439614951353
1.501265895567E12,-0.06872606026891365,12.98653156065907,0.07164216646948841,8.561542554932698
1.501265898567E12,-0.08163701976802681,13.431500561287024,0.0646081523802217,8.657085911050189
1.501265900647E12,-0.08944027697166033,13.39434424540049,0.16037550324054653,6.04585003320331
1.501265904567E12,0.016630620898954767,11.486478149085183,0.07847967136589282,6.979445385347039
1.501265907567E12,-0.11276622844258706,14.873806339380712,0.10898447547833702,7.106020339370529
1.501265910647E12,0.05030821931182839,11.444512286639762,0.09150949694076223,7.29806556952882
1.501265913567E12,-0.0971085770919385,15.220236121577532,0.043816913505263455,9.11043231011917
1.501265916567E12,-0.04936375684188666,13.380470737381481,0.028797375372297426,9.71979317393873
1.501265919567E12,-0.09349950984707232,14.976661837326047,0.05841783081638148,9.340689549905127
1.501265922567E12,0.069322613758841,11.117689718392263,0.06976757990630084,9.790493163185912
1.501265925567E12,-0.05323236775100129,12.524284842179489,0.016828622643711582,11.288601780782432
1.501265928567E12,-0.029023155817665746,13.315781306193331,0.07268335848259071,11.292088541981862
1.501265930647E12,-0.0815795595585358,14.587549179724684,0.0691712883908584,10.930136445669513
1.501265934567E12,-0.026854405351826996,12.337241882715661,0.12371376871845809,9.709321069587201
1.501265937569E12,-0.11478808591296683,14.810552255023008,0.09526546786423198,10.01082090136223
1.501265940647E12,-0.10550060976433714,14.075363859380404,0.13091982025833182,10.402104481101004
1.501265943567E12,-0.10622012674834505,14.051752969537286,0.07020335603654618,10.071707450798224
1.501265946567E12,-0.13272663599715875,14.011391457634254,0.08226405028833192,10.27129536629097
1.501265949567E12,-0.09461985474331283,13.46277130842037,0.10026550308465186,10.034107787573431
1.501265952567E12,-0.12333116965549631,13.9523503270473,0.08500478645970244,10.94064429384956
1.501265955567E12,-0.05130586670975548,16.28791078768993,0.023534090297673404,11.084540393271237
1.501265958566E12,-0.04641049886359339,16.432759632456616,0.028190198457583377,13.247651508506111
1.501265960647E12,-0.03255210658326248,16.509643148713344,0.03953818629846,12.932625021558536
1.501265964567E12,-0.07840747147805659,16.66385711156924,0.07708080482407438,11.99576439297322
1.501265967567E12,-0.09539247011895291,14.969986056757357,0.08335927640815952,13.124295782716311
1.501265970647E12,-0.05871993677161658,14.691953995069497,0.0812557155651092,11.979671291826502
1.501265973567E12,-0.1152961271720726,14.595195929950034,0.07746727215358938,13.037895714445538
1.501265976567E12,-0.17522522493030665,15.103359232725996,0.10280061331252963,12.323515272794157
1.501265979567E12,-0.1426190593407736,15.916378511225224,0.043706287239758654,13.546895578025422
1.501265982567E12,-0.0909581523112933,14.065285102375196,0.10457439135702175,13.703178542867645
1.501265985567E12,-0.06532630483077928,15.909601471900345,0.057395536769040356,15.206529184725534
1.501265988567E12,-0.09120717851524356,16.436779317197065,0.07874531169689003,15.097005431987567
1.501265990646E12,-0.02642274122407679,15.783931264222955,0.08653494211748232,14.669147755036303
1.501265994567E12,-0.14839802371014815,15.18704261158801,0.055698773220652344,13.97466250219452
1.501265997567E12,-0.11940979204738568,15.370322722497557,0.08112350706835063,14.748691737852976
1.501266000647E12,-0.11404938498339803,13.835329356170499,0.07656328176285886,13.880762249769099
1.501266003567E12,-0.1125174670055364,11.941916272892184,0.09161560231583656,13.592522344048545
1.501266006567E12,-0.1751132028737904,13.264145413273877,0.1054980530495393,11.261003793119947
1.501266009568E12,-0.14013106181155854,13.748380501865126,0.0630449209677012,11.421913272033155
1.501266012567E12,-0.1684781563074882,15.86417935556969,0.06591277181783789,10.870947207174833
1.501266015566E12,-0.18858697277917427,14.336352235471258,0.09593454511432568,10.599409833835816
1.501266018567E12,-0.1470562584676087,14.707071616001906,0.08371414071221525,10.18946095420754
1.501266020647E12,-0.15550874673845771,14.427148871267399,0.1301222065935954,9.50591790623823
1.501266024567E12,-0.13101818835553525,14.2441095383145,0.1451477589666629,8.906566047972438
1.501266027567E12,-0.001311914909854114,10.848314179943,0.1706138411826942,9.178759921956855
1.501266030647E12,-0.022139085673595148,11.452798295323309,0.10580535450347334,8.62708292119747
1.501266033567E12,0.00908028783370483,11.598199065001566,0.08395313920321834,8.972333113664977
1.501266036567E12,-0.1604131260186055,14.932235363452648,0.07569792970948125,10.360096337365274
1.501266039567E12,-0.11380739341754881,15.941221760132755,0.11732796718024326,8.473844090786752
1.501266042567E12,-0.10849725104902909,16.221248711790043,0.14971612142872037,8.365754339515643
1.501266045567E12,-0.09800943529091699,15.797652934985548,0.1089866148485089,8.497342632820533
1.501266048567E12,-0.07834828454257135,15.724702999700309,0.11515944642500893,10.619207003422856
1.501266050647E12,0.012031618260523036,15.755832295774779,0.08926940352931491,10.932729675055619
1.501266054567E12,0.1127017242605947,12.156721822825425,0.12386456096045083,11.585692438294302
1.501266057567E12,-0.08591035568475643,16.011043758601605,0.15375848451889917,11.382741682450796
1.501266060647E12,-0.0641181445496739,15.449248355914834,0.14561164221120407,11.491709631637077
1.501266063566E12,-0.06285644787446276,16.35856922769993,0.043379028431348866,14.205461543539089
1.501266066566E12,-0.08128358713778226,16.452870540713878,0.11209068673652556,14.000123633689
1.501266069567E12,-0.07042222843980543,15.497884613699602,0.0914836996724447,14.600828657251602
1.501266072567E12,-0.047886546989308575,16.2780186427747,0.10258772469637559,16.15804166191299
1.501266075567E12,-0.09627583386043646,15.915298666739977,0.10470296358156637,15.788639066169004
1.501266078567E12,-0.0655360349448004,15.735066822555805,0.11559066271873501,15.883370437630616
1.501266080647E12,-0.06612732962517777,15.568732883190421,0.10601195873048558,15.629521912046977
1.501266084566E12,-0.06584081510250349,16.355996364349615,0.11227763385591867,15.639455138570671
1.501266087566E12,-0.08348172296440391,15.306874259833458,0.09516777610150301,15.131103906234408
1.501266090647E12,-0.09604694681064897,15.249165061546515,0.09605496288441231,14.458572741967036
1.501266093567E12,-0.15454654575466276,14.225546148808661,0.0741860578277034,14.812550825744257
1.501266096566E12,-0.18624741924276708,14.408646930560046,0.043081545426034554,13.940355570899545
1.501266099567E12,-0.17003386375641255,13.865019268523593,0.0674917270683089,13.947768414349914
1.501266102567E12,-0.12213120755372316,11.3077848269432,0.061297605261724855,12.238038739384873
1.501266105567E12,-0.1941460603022113,13.533912937046333,0.08119274785187107,11.253913599758704
1.501266108567E12,-0.12468368522756788,11.813605606170956,0.09242625930422985,10.208567310225092
1.501266110646E12,-0.21462563359679776,12.362511342819502,0.08172945216512402,10.541293142381168
1.501266114567E12,-0.13530045208460484,12.111539789366542,0.04418871975780342,7.729011770499421
1.501266117567E12,-0.16278522905221912,14.496698908081449,0.02486477812550482,6.816640783544833
1.501266120647E12,-0.010656107185939229,11.106630909284174,0.0402022976867957,6.735108088471075
1.501266123567E12,-0.17790779550511526,14.991863768552799,0.04217648687156566,7.19529117341571
1.501266126606E12,-0.1743783165732342,15.114607312918368,-0.012342981298234086,7.809937696206445
1.501266129567E12,-0.18252469205665225,15.595851277065819,0.03421262155222504,9.701635116526186
1.501266132566E12,-0.14178931416095342,15.348929718329748,0.027975456006582862,6.93617651596345
1.501266135607E12,0.02609498528795905,11.11473446843431,0.0396679829910982,6.895999579884928
1.501266138566E12,-0.14186269010164562,15.47312996106758,0.05248366475602493,7.659821585632544
1.501266140686E12,-0.15637786958677166,13.739471694605264,0.13300142241942547,7.795706220874093
1.501266144606E12,-0.05988936314684055,16.689896285664386,0.09977354640236225,8.523719866942038
1.501266147606E12,0.06439643383996844,9.392214360831607,0.09238522312863931,8.759611710995793
1.501266150687E12,0.011253233052750784,10.51815802251715,0.10327734380843236,8.217240810726095
1.501266153607E12,0.017401447777472077,11.32889858827632,0.11084284969941048,7.849868994773427
1.501266156607E12,-0.19227094840117223,14.210233207056861,0.1480755488467858,6.2760625804520895
1.501266159607E12,-0.09449645383039944,17.304173420250134,0.1475723879246597,5.95718632785054
1.501266162606E12,-0.16459937214029943,15.637653819476945,0.0028751034934584785,10.43627810830626
1.501266165607E12,-0.04221451480662489,11.336326783353478,0.12855863473825974,6.012298067663938
1.501266168607E12,-0.026830979652816233,11.52949427042098,0.050297008269546736,9.818253845947986
1.501266170686E12,-0.19608231036732357,14.697129585555203,0.055282195763266144,10.000650121364007
1.501266174607E12,-0.12305596525002424,14.637480531570535,0.06255887700355885,10.834418867761778
1.501266177607E12,-0.007478692049280278,9.968348839139395,0.09049030779763964,9.569977792472546
1.501266180687E12,0.011522343728210439,11.711273493740878,0.13413716106466725,9.774025586698174
1.501266183606E12,-0.04831879171116385,9.934636755919197,0.10977000774082019,10.117971360792271
1.501266186607E12,-0.12240517270564207,16.57707127361345,0.07892542958383128,11.166309765444296
1.501266189607E12,-0.18497953497946776,15.027486487738077,0.0698639431297062,12.622356850862618
1.501266192607E12,-0.13653226051226763,16.73834122005416,0.054886749534027654,12.608295213240979
1.501266195606E12,-0.16147075106679598,17.20945062279115,0.056053135107184425,13.31744273005082
1.501266198607E12,-0.16899649163917654,17.611217781271357,0.13356104753554754,12.92706058314046
1.501266200687E12,-0.16631365944868765,16.91584040058963,0.051779687531538166,14.246183771502583
1.501266204607E12,-0.15338391814619318,17.423229519713395,-0.012960186714226081,15.15928801916815
1.501266207607E12,-0.15673962635844235,17.143430581845323,0.03790141855468471,15.435297554337378
1.501266210687E12,-0.15606884072783941,17.462517397267817,0.041818123484994175,16.081244714260528
1.501266213607E12,-0.17966368323938725,17.64245196023775,0.06095693287609467,16.04119720136843
1.501266216607E12,-0.15622045275480487,17.224796319721904,0.05897194795999496,16.525366641545062
1.501266219607E12,-0.14349858851976555,16.43218340926762,0.08093516465022252,16.534646123525604
1.501266222607E12,-0.12106002488031216,15.988772361235284,0.08494169256479851,18.048087784690477
1.501266225606E12,-0.1285265328397764,17.286243698991335,0.04004960487703087,18.46771541709348
1.501266228607E12,-0.13253282059848526,17.835709670135692,0.04482883789020528,19.386146773263533
1.501266230687E12,-0.11387411994573587,16.79584940749289,0.06703462405828449,19.15533262376829
1.501266234607E12,-0.12599630123353656,15.383237942180745,0.06495224496074394,17.676971691086408
1.501266237607E12,-0.13945716880066897,16.174461912683324,0.08269360800336646,17.03360501146083
1.501266240687E12,-0.18674239247878666,14.097630805957106,0.04883591231923348,17.29194005031156
1.501266243607E12,-0.20074246367920703,14.262015990952163,0.06265317837025448,16.506587869984543
1.501266246606E12,-0.19457252846572334,14.106865930771809,0.05554233783039884,14.957530016408866
1.501266249607E12,-0.20758777001116155,14.40492931796903,0.05479333615403776,14.276856460122255
1.501266252606E12,-0.23236517173171056,14.381575873861273,0.09956127111065459,12.661810757418271
1.501266255607E12,-0.19681169775012752,14.019310986107643,0.14031968212107657,11.49085943962839
1.501266258607E12,-0.2171295892758397,13.987232249626066,0.12421187490907024,10.252422921294903
1.501266260687E12,-0.20479196361941135,14.348433942857378,0.08548027456525722,10.543030227640031
1.501266264607E12,-0.07281464035544354,11.010301767332821,0.11787255116152028,8.610757008885999
1.501266267607E12,-0.2549343788537484,14.77275159786217,0.09017178187756723,9.412400371246942
1.501266270687E12,-0.22410972904154555,12.770681619638298,0.11941161262599315,8.617588608798588
1.501266273607E12,-0.06478894974004416,11.368620962597317,0.1011232277668852,9.580563979823738
1.501266276607E12,-0.25551689869360983,15.317072813346574,0.10402397494435814,10.278160124540305
1.501266279607E12,-0.06917983024805197,11.493274507492304,0.17283607429091596,7.517164753991251
1.501266282607E12,-0.0800854670619201,11.589344519165191,0.09519081291117282,7.742525124018861
1.501266285607E12,-0.08583407040321443,11.102326637389133,0.10250691859939191,8.265808575082817
1.501266288607E12,-0.08070720844046136,11.815882909022958,0.0872987156495349,8.431454588274702
1.501266290687E12,-0.058986059326573775,11.42176773065252,0.0904244128990661,8.065900581266876
1.501266294607E12,-0.05138566218263783,11.464619523209857,0.1284549321161997,6.734791371523549
1.501266297607E12,-0.05816967659877382,11.855071055657069,0.1161290181581207,8.79589056278759
1.501266300687E12,-0.031069375569890163,11.415566831169048,0.15137054722868362,8.993758848491467
1.501266303607E12,-0.16381056932492438,16.674378109730792,0.1207076313632408,10.019234689000527
1.501266306607E12,-0.16838031926165978,17.223238503719898,0.08456123239947032,10.842097660743201
1.501266309607E12,-0.053121560689454506,11.95420915586168,0.13070319737802738,10.833209440946664
1.501266312607E12,-0.21695041119729674,15.614058620786786,0.0428427449503704,12.076740388778884
1.501266315606E12,-0.052279351222700096,11.591812841603844,0.07347456657711214,12.39528411616978
1.501266318607E12,-0.16191830510194086,16.44487889992384,0.059747272194725275,12.493034314402937
1.501266320687E12,-0.17980773628380498,17.035309169666494,0.05440865520796012,12.860714243281889
1.501266324607E12,-0.18237288429237836,16.781374813753803,0.08061992689733223,12.766910914428216
1.501266327607E12,-0.0756516937244415,11.543699144019516,0.08231857390955298,13.813721851916501
1.501266330687E12,-0.23312925943727547,14.741645040012695,0.03657377224103426,14.574516728535743
1.501266333607E12,-0.16351558061533578,16.42919437054579,0.02356758190037831,15.141350843008686
1.501266336607E12,-0.06861049139388575,12.025973422047878,0.05086278622622022,15.095991382443044
1.501266339607E12,-0.18008850316489747,16.80053551417488,0.05320376191078816,15.590001379396366
1.501266342606E12,-0.19654341428132893,14.296945687152038,0.06900700867220753,15.00731366006571
1.501266345607E12,-0.1441778737308886,16.010757473045324,0.051342495250145226,15.29101451106481
1.501266348607E12,-0.1547645478864152,15.755536655621144,0.08985956696635246,15.295591017370379
1.501266350807E12,-0.19676777659855707,14.231728216410879,0.07527688438280941,15.427344360843898
1.501266354606E12,-0.1471111366351858,15.317037016879105,0.10314287562779682,15.660780631863735
1.501266357606E12,-0.13665334351227745,15.918740315246387,0.07948548150518148,16.02603791053893
1.501266360687E12,-0.1649173967073961,16.85971734347676,0.06564693278176732,16.235967400083915
1.501266363606E12,-0.14461617117498246,15.988615361481893,0.06700293597431899,16.518697386833335
1.501266366606E12,-0.16404801944349928,16.230268002601637,0.08297239398476099,16.11927146627586
1.501266369607E12,-0.14436780928226955,15.655819204363558,0.10490954171903512,16.089630219153708
1.501266372607E12,-0.15680534370332985,16.4447042327982,0.07016483607553399,16.312501061865245
1.501266375606E12,-0.16083184873895612,16.380047247555613,0.043711561699638656,16.762386422489655
1.501266378606E12,-0.15385077137482395,15.793857005697218,0.03818454240831672,17.632190809946685
1.501266380687E12,-0.17663324196606967,16.18332439780994,0.02988011459629752,18.06404740580267
1.501266384607E12,-0.1489497081947534,15.996995222121837,0.07351974316805154,19.100662953018716
1.501266387607E12,-0.15032179098865736,16.060685380526703,0.07480286337078791,20.242924481303685
1.501266390687E12,-0.13820936079687884,16.180842523051716,0.09950699848925097,20.350157904420115
1.501266393607E12,-0.14333615468217392,15.616630388258166,0.12987928677111168,19.923768494040868
1.501266396607E12,-0.14403195366697827,15.447402398970027,0.1290921799898341,19.618608142894495
1.501266399607E12,-0.17628240927449956,15.224743214122162,0.08938742825047373,19.38949197305855
1.501266402607E12,-0.17444862045975862,15.103671354188743,0.08200615282800416,18.626296866074984
1.501266405607E12,-0.22453941756239482,15.29971921872276,0.07677782560074829,18.393524427241235
1.501266408607E12,-0.23776526634222142,15.41111359329846,0.09457303560996638,16.919737274257177
1.501266410687E12,-0.24550518674252367,14.742582887097223,0.06644133224639927,16.409918055721654
1.501266414607E12,-0.2758682756775124,13.57595289194785,0.08980895536450179,14.805313028393591
1.501266417607E12,-0.28075328828470736,14.083294486195575,0.03213809850607472,14.78336760856321
1.501266420687E12,-0.3117701891166885,13.344232724559207,0.0472034212617724,13.53557645500346
1.501266423607E12,-0.29925405979630926,13.802569148318478,0.09192519450803475,11.502324251200465
1.501266426606E12,-0.3081743347632637,13.978975746552626,0.10306943552298034,11.3169563037135
1.501266429606E12,-0.2989137655045478,13.38075314070934,0.06155029009067281,10.719105546785828
1.501266432607E12,-0.3056207347573198,13.5515647294685,0.08183172973144912,7.99204102541757
1.501266435606E12,-0.29031485761617204,14.30912122711193,0.05255565073444701,5.93322894221923
1.501266438606E12,-0.26480217720320653,12.4837310263197,0.010017089456663594,6.704032768145326
1.501266440687E12,-0.25184716661540146,12.576923064529302,0.04516703859174645,7.96263586127342
1.501266444607E12,-0.14502926895979976,10.848377053596536,0.039661752684605624,8.489580279853412
1.501266447606E12,-0.14048823575981106,11.028070333081406,0.0501623403215225,11.193912910186027
1.501266450687E12,-0.3827970270132837,13.776381327740564,0.06039332505079243,10.345940900425983
1.501266453607E12,-0.1380436534826382,11.434941599614215,0.0423197887799917,8.107755355581263
1.501266456607E12,-0.11543609314483687,11.46444226234313,0.07766092116459952,10.084292639189421
1.501266459607E12,-0.06857451588410367,9.241224493161367,0.05101167528880631,10.511950799404447
1.501266462607E12,-0.0760677317032135,9.852160332163498,0.03606047664885198,9.509699337499121
1.501266465606E12,-0.08546253594743149,10.045349390513065,0.09203608900582787,8.204346855733364
1.501266468606E12,-0.25644634623229445,15.602967519097373,0.09485300042335257,8.901577318615901
1.501266470687E12,-0.3070340768426454,14.616556649897056,0.06361327974259344,9.279954263606607
1.501266474606E12,-0.24722922214372894,14.14345116314349,0.08396980191688254,8.116052013674537
1.501266477607E12,-0.09245970982103917,12.251393888518669,0.09724960088981262,6.558872845743403
1.501266480687E12,-0.18909158589934244,10.614294655076558,0.12739948166047962,6.413557341343755
1.501266483606E12,-0.1526994064602441,9.130195945216677,0.12869564202272693,6.005427061351711
1.501266486606E12,-0.14590932797323172,9.18290936861593,0.0607253890767715,6.576712435266582
1.501266489607E12,-0.32751675728521873,17.194704779048802,0.12127757169368239,5.364266060608604
1.501266492607E12,-0.27897240935240225,16.82592846406447,0.1136963506613289,6.271048330546009
1.501266495607E12,-0.2709849830664238,16.608767321361135,0.09782240701706485,5.478442725622771
1.501266498606E12,-0.2795652544320221,16.571373252986767,0.10513137396348841,6.322205003128303
1.501266500687E12,-0.28268077065163155,16.589654446217214,0.07283896182967801,7.448333490908503
1.501266504606E12,-0.17630230495311244,11.197564513459357,0.07046379424530269,7.8742774662704225
1.501266507606E12,-0.3085991568493378,16.738543310895942,0.029369896837340145,9.605811252174117
1.501266510687E12,-0.3390190091844804,15.08600493684377,0.03521897669760473,9.7683039495686
1.501266513607E12,-0.2942942018780892,16.425584447529168,0.07345919575405922,9.179480661176354
1.501266516607E12,-0.14808695011706183,12.476293593480124,0.03842457745223468,9.48482748379437
1.501266519607E12,-0.2869385054117564,15.803151025373765,0.09599956542398735,9.593892969387671
1.501266522607E12,-0.2608808818811033,16.647108043024495,0.06429854616789779,10.156661137568014
1.501266525607E12,-0.2847491196938265,16.792803284124602,0.13658510858545989,9.978250029009034
1.501266528607E12,-0.3045085907172444,16.736959279174464,0.10324245718921064,10.5883991305232
1.501266530687E12,-0.2943128805166688,17.430833561579774,0.045434024517315555,11.599389062542373
1.501266534606E12,-0.2995187060439718,17.13117090882324,0.033473153144999136,12.026710316097397
1.501266537606E12,-0.2914693157700416,16.35074688424321,0.04259753248157822,12.173218058154786
1.501266540687E12,-0.3097723483742475,16.97930038039641,0.03952000616103864,12.92372273663554
1.501266543606E12,-0.30534315783598137,16.69604919469695,0.07380784538914033,12.990307692679984
1.501266546606E12,-0.3058161514473338,16.32261683017291,0.0725616985757808,14.245413976473348
1.501266549607E12,-0.2867870792335749,16.170713092085855,0.060217350124630246,14.828686495170299
1.501266552607E12,-0.328156348245198,15.333019694415501,0.06616598051052303,15.265765818968267
1.501266555606E12,-0.29838415268097274,15.477287143530164,0.041676894350448156,16.107018149734305
1.501266558607E12,-0.3412166045540571,15.416443810720631,0.014317987532495057,15.973369430978787
1.501266560687E12,-0.32860888212966377,15.609809743645043,0.04400198404159334,15.801870030612404
1.501266564607E12,-0.33306997370002284,15.394787493601656,0.050077131337633744,15.951015786300593
1.501266567607E12,-0.37257251951760423,13.46550270106943,0.06408322399202028,14.145442210944946
1.501266570687E12,-0.35169183201161813,13.452844995563991,0.08197677168262404,12.750538263914107
1.501266573606E12,-0.360799515026539,13.62127921681143,0.007926665972821621,12.685940777509277
1.501266576606E12,-0.3008201287825341,14.065893072867848,-0.02755144609636036,12.204189789284097
1.501266579606E12,-0.29661320173910666,14.504369435501873,-0.007030464357334385,11.873934035139689
1.501266582606E12,-0.32137420432092134,14.685365523938803,0.02165359132106593,10.60332852279802
1.501266585607E12,-0.23168960051619725,12.108965439661608,0.04494324295428038,10.347299568998023
1.501266588606E12,-0.26150514903678596,14.456567016066668,0.06448313777102528,8.806707662694274
1.501266590687E12,-0.30115511509377374,13.597719494858216,-0.0747979422400701,10.248847242868035
1.501266594606E12,-0.261989802096508,13.272078500001642,0.04377625767777852,6.856510484159962
1.501266597607E12,-0.21389095152549814,13.701044692405562,0.07307376961953634,8.475072149350819
1.501266600687E12,-0.18753359052013968,14.27916493451565,0.033993620309660945,9.158690605843455
1.501266603606E12,-0.20382418226449256,13.552469322218725,0.044641493124407676,6.216434911529093
1.501266606606E12,-0.18959531852574588,12.99152966500399,0.04454718753448088,5.820974456822841
1.501266609606E12,0.011372055862799527,10.431025405498087,0.05510346221503646,7.5803455567355025
1.501266612606E12,0.052315180770602376,11.03022803440263,0.03539490991582665,7.869728563322387
1.501266615606E12,-0.1329311044342448,15.272467648640717,0.06384535273733309,8.729178011867146
1.501266618606E12,0.07259105893825354,11.869104854922385,0.0367177369510485,9.392617354898091
1.501266620687E12,-0.08989709435148796,14.92554873909467,0.06556643980148698,7.283354193278707
1.501266624607E12,0.09096522890126602,11.449457524212088,0.06687263251249286,6.294079286959406
1.501266627607E12,0.04015753159853205,10.411541947375582,0.09575690322313186,6.119388624554195
1.501266630687E12,-0.12073201781901881,13.709003285471708,0.07088335037948613,6.88443999770263
1.501266633607E12,-0.04747985753208557,16.304507101864246,0.10282037672034844,6.0771970903947645
1.501266636607E12,-0.03960968262147717,16.418856029467715,0.12471873755895084,6.03833970623194
1.501266639607E12,-0.07975651516152484,15.367264654029913,0.05833410294263797,8.66073285134084
1.501266642607E12,-0.04413032628888084,16.71657391900634,0.02682823352445098,9.070065261352838
1.501266645607E12,-0.07800765046236419,15.520847398460845,0.041756043013101395,9.615425783640218
1.501266648607E12,-0.10181339793242482,14.771500761868074,0.06608033293294842,7.978562987481708
1.501266650687E12,-0.09301245205439157,14.854961196010747,0.1079603699604259,9.299212506205146
1.501266654607E12,-0.09874605096879267,14.849748249320252,0.02619068518044407,11.00100110306452
1.501266657607E12,-0.08374554058639916,15.441290957378232,-0.016156126852657906,11.560783801463765
1.501266660687E12,-0.10106280448852006,15.143358054457781,0.022589060922912824,10.077210752367524
1.501266663607E12,-0.061767320155223834,12.14882337797172,0.028015638302234937,9.284029811094507
1.501266666607E12,-0.11149708903663764,14.49546338792172,0.042009849461468136,8.92084328266811
1.501266669607E12,-0.06263762130067804,12.840248665568645,0.00323739041701539,10.350354949866082
1.501266672607E12,-0.05761211804806378,13.558555617422826,-0.02580262153486022,11.589121248934777
1.501266675607E12,-0.036142002116463026,13.17220960742169,0.06062334987295812,10.0549511432238
1.501266678607E12,-0.08991654912711185,15.867470658856725,0.07085288420428094,8.418862445259364
1.501266680727E12,-0.1051633370451164,15.108767122922934,0.08676820310783548,8.848924709324224
1.501266684607E12,0.05592211679001485,11.22613078525005,0.055272602257835916,8.414721426919716
1.501266687607E12,-0.08998930789392466,15.009812119048613,0.05374440383360368,9.123109312081102
1.501266690727E12,-0.08651606428387817,15.178472312481794,0.08493591005325114,8.024544922605772
1.501266693607E12,-0.029733840786278005,17.39861184231841,0.11336969297173681,7.367880978841514
1.501266696647E12,-0.05752517924526846,15.600568929978673,0.06433783461462321,8.055030163508404
1.501266699647E12,-0.051880326973087115,16.4005909144434,0.04137169455736502,8.526451233800755
1.501266702607E12,-0.08690095093811247,14.014699115370302,0.09314932021607723,7.851377706680529
1.501266705647E12,-0.06476739816363383,14.963283239616342,0.10694651546935803,7.014281011315587
1.501266708607E12,-0.018937331696794873,13.87097178287404,0.11427129929902213,6.748976768075796
1.501266710687E12,-0.007817151246643542,13.708403152277251,0.09633077815942612,6.875073506511131
1.501266714607E12,0.15600317966739327,9.24286977346257,0.10162505326138438,6.822196362248947
1.501266717607E12,0.11930787815387886,11.280280637460592,0.08538413630526191,7.410312186565222
1.501266720687E12,0.01434737908983945,15.848991316973985,0.09207721037823582,7.132944809734211
1.501266723607E12,0.006964225878249617,16.035661941792313,0.08153885775952743,7.470419462516733
1.501266726647E12,0.08807934469330415,10.506556793092601,0.06730449444226776,8.557939359108921
1.501266729646E12,-0.006982844942135418,16.01617655794408,0.07548863881422921,8.664201783143367
1.501266732647E12,-0.0162576013572595,15.67249465827603,0.0375237085008988,9.433560510841188
1.501266735647E12,0.09455479261818367,11.6194048220723,0.0019224339128261145,10.781378305440585
1.501266738647E12,-0.05683779271381325,14.459697356094958,0.02419186166070601,10.963046845076438
1.501266740727E12,-0.014852796935334225,15.922103493818321,0.0582671639570336,10.399591893892637
1.501266744647E12,-0.008493755609342379,15.785628349571658,0.0708089925694706,10.992652366340453
1.501266747647E12,1.3863589605401835E-4,15.915999405346124,0.06772355228320646,11.655420921972611
1.501266750727E12,-0.0014344537026567124,15.697312951918516,0.04751972904504663,11.40156992015501
1.501266753647E12,-0.01148371479646653,15.63171199751682,0.04212460877439117,12.86952133007249
1.501266756647E12,-0.007800653637027141,15.818500974668266,0.05648965068542293,11.291406130367175
1.501266759647E12,-0.031513335657368934,15.597838488641797,0.08748709141548613,10.834082636311543
1.501266762647E12,0.006562305183295177,15.492502641316884,0.10776684136646526,11.60469820776992
1.501266765647E12,-0.03914145304058918,15.604968881806855,0.0913724344443537,11.50310200676631
1.501266768647E12,-0.040673169719629365,15.334769286942226,0.026100518937213903,11.468088134354128
1.501266770727E12,-0.017331859926652846,15.280818713647506,0.06083611377904443,11.437614492890486
1.501266774647E12,-0.0054767816547276575,15.420771205051958,0.0853292846944968,11.350007910850385
1.501266777647E12,-0.02554301708432103,15.545540750283823,0.11987472870722655,12.13611288915767
1.501266780727E12,-0.02384218991322743,16.496199440245935,0.07337612098768283,11.937638077292645
1.501266783647E12,-0.020706646481920752,15.758467932723006,0.06922846037494593,11.490916575346825
1.501266786647E12,-2.655771331714029E-4,16.193574550736205,0.06323961884177082,12.218521957559814
1.501266789647E12,-1.453311518806819E-4,15.92393208634889,0.0931411671643086,12.353453304343969
1.501266792647E12,-0.021124668188247653,15.323317715393602,0.10688499012383072,12.145347664955164
1.501266795647E12,-0.03217439307755937,16.017094438420596,0.09747456318446078,11.513592212150213
1.501266798647E12,-0.020143982075107227,15.7643180360755,0.10457258256064166,12.798046812969845
1.501266800727E12,-0.006114353859508815,15.365289729957595,0.13565059876493238,13.473568068496034
1.501266804647E12,-0.015167727168269458,15.478957747958804,0.09895348168051457,14.697310128889182
1.501266807647E12,-0.05245718390944777,15.354965956902287,0.15344743282127168,15.405265320041
1.501266810727E12,-0.052238853199935945,15.131914168010981,0.1671821737794613,15.154211929727966
1.501266813647E12,-0.02984626383072655,15.199293874101008,0.19146192874350948,15.292653336821726
1.501266816647E12,-0.07821965413121998,13.297770173532959,0.2195251266539538,14.919776658117124
1.501266819647E12,-0.0925323335272097,13.195522935224824,0.22229198672550918,14.57635272993941
1.501266822647E12,-0.08861397951628709,13.495720926458516,0.21491564406631206,13.628364127189736
1.501266825647E12,-0.09283212160080521,12.766940991066345,0.23652789107546762,13.220795307353203
1.501266828647E12,-0.0929040839823788,12.731399450056877,0.2931478077310196,12.302051477771617
1.501266830727E12,-0.12786156650912803,12.831959144462775,0.28168040861495525,11.344845091612465
1.501266834647E12,-0.09063996777797052,11.235407482617198,0.2779396614924543,9.696734539088812
1.501266837647E12,-0.09520835677005128,11.435272489716862,0.28590124535512734,9.985703944443177
1.501266840727E12,0.025352112281091955,10.324438265766647,0.2909133746456073,9.482581550071872
1.501266843647E12,0.05118656610910458,10.497003551299693,0.3353787869245117,7.427799891041676
1.501266846646E12,0.03748016478643004,10.5469618736863,0.3481259214166531,7.454596561700562
1.501266849647E12,0.027269979066992505,10.002447040393735,0.3492361046989146,5.954991254603246
1.501266852647E12,0.03866719758141255,8.641752951001278,0.3944411261335816,6.656627943745543
1.501266855647E12,0.0562227842545232,8.73997304466608,0.35505164211276896,7.1520439304027255
1.501266858646E12,0.08014584831833074,8.835077343832207,0.3246906096794921,7.6059393993615085
1.501266860727E12,-0.06085811539846334,15.527342585492072,0.3109816744817922,7.626525966628745
1.501266864647E12,0.05136036394784425,10.85429611512624,0.3390011045712571,6.885129668960001
1.501266867647E12,-0.06159498582149815,15.387879203224568,0.338844765900308,6.2424779692661065
1.501266870727E12,-0.060074447687664595,16.398748272120457,0.322128669399109,7.503744143364473
1.501266873647E12,-0.057630009306627046,16.280575250341254,0.32315517658253534,8.530247524915476
1.501266876647E12,0.08336422902039109,9.3679393764396,0.308084085839727,8.791541197939408
1.501266879647E12,-0.0684015493177207,16.62678325409797,0.2882258490568902,9.925920891744358
1.501266882647E12,-0.06141351447897308,16.79413405519624,0.2911626180161903,8.355296373575442
1.501266885647E12,-0.07187281584472634,16.248037934107085,0.28248684832187276,9.053213775506007
1.501266888647E12,-0.060779849277455916,15.480750677407134,0.2723230563910756,9.2812943802698
1.501266890727E12,-0.02493248091892109,15.705145797502619,0.2661628050090961,9.763401255813369
1.501266894646E12,-0.10282510856693369,15.429805174857846,0.28930284575221704,10.002276966815415
1.501266897647E12,-0.09384377717284895,15.927657495627672,0.2799752446969965,11.339138972454297
1.501266900727E12,-0.1015780763453157,15.427370848002786,0.27785306225537626,10.490669095666794
1.501266903647E12,-0.12019907793786867,15.48903200529522,0.24152234658483057,11.642888036848747
1.501266906647E12,-0.12574163831390686,15.431967319379652,0.2036972716722635,12.152953463226662
1.501266909648E12,-0.11704530720588839,15.678261513820393,0.27478603751184294,12.086350070765462
1.501266912647E12,-0.05658600012088831,15.875606510950195,0.27897377622537656,11.986525199049877
1.501266915647E12,-0.101515328162101,15.960804331315432,0.3381004486463318,11.3557552027986
1.501266918647E12,-0.06136664582963637,16.095112834905386,0.32213556383952957,11.331703300933674
1.501266920727E12,-0.06955506242203954,15.964976475412968,0.2933427879926931,11.886610735535733
1.501266924647E12,-0.03609611760115316,15.019951668069046,0.30319571435654347,10.368306262189481
1.501266927647E12,-0.045479714554930745,15.626466729546841,0.2812117687820534,10.959751596022071
1.501266930727E12,-0.06480372148764785,16.45460454634467,0.23031703500450984,11.912675853856765
1.501266933647E12,-0.0629108133721667,15.535133071686946,0.26100823652568544,11.42621210130308
1.501266936647E12,-0.12328425333340988,15.182649967384425,0.24032834703429046,12.10043304514225
1.501266939647E12,-0.078699463106229,16.16654564183895,0.28697751321638393,12.004734165243702
1.501266942647E12,-0.09901714524502692,14.130366162796042,0.30538943322708967,11.963468364335293
1.501266945647E12,-0.08433610836207632,15.584962653055769,0.26283294679557695,11.516039137568466
1.501266948647E12,-0.03706406167459048,15.75128283415291,0.2183656261724722,11.844852206460901
1.501266950727E12,2.4354860154470593E-4,16.474956371098905,0.2900751753553327,12.273954971038767
1.501266954647E12,-0.020689400818051606,16.048758266800608,0.24556145715016084,12.793806355745625
1.501266957647E12,-0.04579462590431124,16.064345345132136,0.268893809876841,14.509999318826797
1.501266960727E12,-0.05945895965456318,15.48286910834902,0.24965708129578446,14.658382682694096
1.501266963647E12,-0.1179151731990218,14.190980667287121,0.29474221495190833,13.952757161641685
