#Data tag : 19v3 , Norm tag: None
#run:fill,ls,time,beamstatus,E(GeV),delivered(hz/ub),recorded(hz/ub),avgpu,source
306547:6380,301:301,1510437361,STABLE BEAMS,2510,3.767049778,3.740810528,1.2,PLTZERO
306547:6380,302:302,1510437384,STABLE BEAMS,2510,3.769527287,3.743328299,1.2,PLTZERO
306547:6380,303:303,1510437408,STABLE BEAMS,2510,3.766398770,3.740105932,1.2,PLTZERO
306547:6380,304:304,1510437431,STABLE BEAMS,2510,3.759081325,3.732885847,1.2,PLTZERO
306547:6380,305:305,1510437454,STABLE BEAMS,2510,3.756359519,3.730203853,1.2,PLTZERO
306547:6380,306:306,1510437478,STABLE BEAMS,2510,3.748389496,0.885732118,1.2,PLTZERO
306547:6380,307:0,1510437501,STABLE BEAMS,2510,3.751231094,0,1.2,PLTZERO
306547:6380,308:0,1510437524,STABLE BEAMS,2510,3.744872887,0,1.2,PLTZERO
306547:6380,309:0,1510437548,STABLE BEAMS,2510,3.731723963,0,1.2,PLTZERO
306547:6380,310:0,1510437571,STABLE BEAMS,2510,3.726311983,0,1.2,PLTZERO
306547:6380,311:0,1510437594,STABLE BEAMS,2510,3.744035235,0,1.2,PLTZERO
306547:6380,312:0,1510437617,STABLE BEAMS,2510,3.725144566,0,1.2,PLTZERO
306548:6380,1:1,1510437634,STABLE BEAMS,2510,3.733310430,3.706341656,1.2,PLTZERO
306548:6380,2:2,1510437657,STABLE BEAMS,2510,3.690536609,3.612271608,1.2,PLTZERO
306548:6380,3:3,1510437680,STABLE BEAMS,2510,3.652668454,3.627227190,1.2,PLTZERO
306548:6380,4:4,1510437704,STABLE BEAMS,2510,3.606284478,3.564466054,1.2,PLTZERO
306548:6380,5:5,1510437727,STABLE BEAMS,2510,3.563289691,3.522114411,1.2,PLTZERO
306548:6380,6:6,1510437750,STABLE BEAMS,2510,3.609145144,3.567520716,1.2,PLTZERO
306548:6380,7:7,1510437774,STABLE BEAMS,2510,3.743163262,3.647080286,1.2,PLTZERO
306548:6380,8:8,1510437797,STABLE BEAMS,2510,3.728314808,2.643701615,1.2,PLTZERO
306548:6380,9:0,1510437820,STABLE BEAMS,2510,3.755825163,0,1.2,PLTZERO
306548:6380,10:0,1510437844,STABLE BEAMS,2510,3.748975448,0,1.2,PLTZERO
306548:6380,11:0,1510437870,STABLE BEAMS,2510,3.760921510,0,1.2,PLTZERO
306548:6380,12:0,1510437894,STABLE BEAMS,2510,3.742864229,0,1.2,PLTZERO
306548:6380,13:0,1510437917,STABLE BEAMS,2510,3.748036399,0,1.2,PLTZERO
306548:6380,14:0,1510437940,STABLE BEAMS,2510,3.740037885,0,1.2,PLTZERO
306548:6380,15:0,1510437964,STABLE BEAMS,2510,3.744205054,0,1.2,PLTZERO
306548:6380,16:0,1510437987,STABLE BEAMS,2510,3.746591709,0,1.2,PLTZERO
306548:6380,17:0,1510438010,STABLE BEAMS,2510,3.745813505,0,1.2,PLTZERO
306548:6380,18:0,1510438034,STABLE BEAMS,2510,3.753055800,0,1.2,PLTZERO
306548:6380,19:0,1510438057,STABLE BEAMS,2510,3.732462908,0,1.2,PLTZERO
306548:6380,20:0,1510438081,STABLE BEAMS,2510,3.749133825,0,1.2,PLTZERO
306548:6380,21:0,1510438104,STABLE BEAMS,2510,3.746659905,0,1.2,PLTZERO
306548:6380,22:0,1510438127,STABLE BEAMS,2510,3.754483890,0,1.2,PLTZERO
306548:6380,23:0,1510438151,STABLE BEAMS,2510,3.745553955,0,1.2,PLTZERO
306548:6380,24:0,1510438174,STABLE BEAMS,2510,3.757924226,0,1.2,PLTZERO
306548:6380,25:0,1510438197,STABLE BEAMS,2510,3.713562817,0,1.2,PLTZERO
306548:6380,26:0,1510438221,STABLE BEAMS,2510,3.729689507,0,1.2,PLTZERO
306548:6380,27:0,1510438244,STABLE BEAMS,2510,3.743480690,0,1.2,PLTZERO
306548:6380,28:0,1510438267,STABLE BEAMS,2510,3.727461678,0,1.2,PLTZERO
306548:6380,29:0,1510438287,STABLE BEAMS,2510,3.735444264,0,1.2,PLTZERO
306548:6380,30:0,1510438310,STABLE BEAMS,2510,3.739018526,0,1.2,PLTZERO
306548:6380,31:0,1510438333,STABLE BEAMS,2510,3.743084970,0,1.2,PLTZERO
306548:6380,32:0,1510438357,STABLE BEAMS,2510,3.716972196,0,1.2,PLTZERO
306548:6380,33:0,1510438380,STABLE BEAMS,2510,3.723356649,0,1.2,PLTZERO
306548:6380,34:0,1510438403,STABLE BEAMS,2510,3.722282105,0,1.2,PLTZERO
306548:6380,35:0,1510438426,STABLE BEAMS,2510,3.723256374,0,1.2,PLTZERO
306548:6380,36:0,1510438450,STABLE BEAMS,2510,3.744068212,0,1.2,PLTZERO
306548:6380,37:0,1510438473,STABLE BEAMS,2510,3.728869578,0,1.2,PLTZERO
306548:6380,38:0,1510438496,STABLE BEAMS,2510,3.726657228,0,1.2,PLTZERO
306548:6380,39:0,1510438520,STABLE BEAMS,2510,3.737069765,0,1.2,PLTZERO
306548:6380,40:0,1510438543,STABLE BEAMS,2510,3.720845715,0,1.2,PLTZERO
306548:6380,41:0,1510438566,STABLE BEAMS,2510,3.728052341,0,1.2,PLTZERO
306548:6380,42:0,1510438590,STABLE BEAMS,2510,3.728596119,0,1.2,PLTZERO
306548:6380,43:0,1510438613,STABLE BEAMS,2510,3.730558564,0,1.2,PLTZERO
306548:6380,44:0,1510438636,STABLE BEAMS,2510,3.732133591,0,1.2,PLTZERO
306548:6380,45:0,1510438660,STABLE BEAMS,2510,3.719635899,0,1.2,PLTZERO
306548:6380,46:0,1510438683,STABLE BEAMS,2510,3.711076110,0,1.2,PLTZERO
306548:6380,47:0,1510438706,STABLE BEAMS,2510,3.717817923,0,1.2,PLTZERO
306549:6380,1:1,1510438731,STABLE BEAMS,2510,3.742814652,3.508721308,1.2,PLTZERO
306549:6380,2:2,1510438754,STABLE BEAMS,2510,3.726610119,3.559177316,1.2,PLTZERO
306549:6380,3:3,1510438777,STABLE BEAMS,2510,3.727957898,3.615987966,1.2,PLTZERO
306549:6380,4:4,1510438801,STABLE BEAMS,2510,3.711433918,2.035432819,1.2,PLTZERO
306549:6380,5:5,1510438824,STABLE BEAMS,2510,3.719829272,2.042649867,1.2,PLTZERO
306549:6380,6:6,1510438847,STABLE BEAMS,2510,3.725570121,3.699638531,1.2,PLTZERO
306549:6380,7:7,1510438870,STABLE BEAMS,2510,3.732914038,3.706942334,1.2,PLTZERO
306549:6380,8:8,1510438894,STABLE BEAMS,2510,3.710845722,3.685035280,1.2,PLTZERO
306549:6380,9:9,1510438917,STABLE BEAMS,2510,3.713269392,3.687425995,1.2,PLTZERO
306549:6380,10:10,1510438940,STABLE BEAMS,2510,3.702757476,3.676743908,1.2,PLTZERO
306549:6380,11:11,1510438964,STABLE BEAMS,2510,3.701191872,3.675247061,1.2,PLTZERO
306549:6380,12:12,1510438987,STABLE BEAMS,2510,3.715007956,3.689159545,1.2,PLTZERO
306549:6380,13:13,1510439010,STABLE BEAMS,2510,3.716666657,3.690794462,1.2,PLTZERO
306549:6380,14:14,1510439034,STABLE BEAMS,2510,3.716019014,3.690168080,1.2,PLTZERO
306549:6380,15:15,1510439057,STABLE BEAMS,2510,3.717510814,3.691649502,1.2,PLTZERO
306549:6380,16:16,1510439080,STABLE BEAMS,2510,3.701312113,3.675533966,1.2,PLTZERO
306549:6380,17:17,1510439104,STABLE BEAMS,2510,3.714915531,3.688929272,1.2,PLTZERO
306549:6380,18:18,1510439127,STABLE BEAMS,2510,3.714650372,3.688769024,1.2,PLTZERO
306549:6380,19:19,1510439150,STABLE BEAMS,2510,3.711697506,3.685878566,1.2,PLTZERO
306549:6380,20:20,1510439173,STABLE BEAMS,2510,3.702616597,3.676865960,1.2,PLTZERO
306549:6380,21:21,1510439197,STABLE BEAMS,2510,3.704743477,3.678699894,1.2,PLTZERO
306549:6380,22:22,1510439220,STABLE BEAMS,2510,3.733306841,3.707086416,1.2,PLTZERO
306549:6380,23:23,1510439243,STABLE BEAMS,2510,3.706369202,3.680326402,1.2,PLTZERO
306549:6380,24:24,1510439267,STABLE BEAMS,2510,3.698584924,3.672863610,1.2,PLTZERO
306549:6380,25:25,1510439290,STABLE BEAMS,2510,3.714367042,3.688498617,1.2,PLTZERO
306549:6380,26:26,1510439313,STABLE BEAMS,2510,3.710713143,3.684849576,1.2,PLTZERO
306549:6380,27:27,1510439337,STABLE BEAMS,2510,3.706208357,3.680213600,1.2,PLTZERO
306549:6380,28:28,1510439360,STABLE BEAMS,2510,3.707639587,3.681568576,1.2,PLTZERO
306549:6380,29:29,1510439383,STABLE BEAMS,2510,3.702568141,3.676674674,1.2,PLTZERO
306549:6380,30:30,1510439407,STABLE BEAMS,2510,3.709926191,3.684088050,1.2,PLTZERO
306549:6380,31:31,1510439430,STABLE BEAMS,2510,3.689753470,3.664068620,1.2,PLTZERO
306549:6380,32:32,1510439453,STABLE BEAMS,2510,3.683806462,3.658114465,1.2,PLTZERO
306549:6380,33:33,1510439477,STABLE BEAMS,2510,3.689561668,3.663853843,1.2,PLTZERO
306549:6380,34:34,1510439500,STABLE BEAMS,2510,3.678546129,3.652917609,1.2,PLTZERO
306549:6380,35:35,1510439523,STABLE BEAMS,2510,3.693170252,3.667485312,1.2,PLTZERO
306549:6380,36:36,1510439547,STABLE BEAMS,2510,3.705648203,3.679762109,1.2,PLTZERO
306549:6380,37:37,1510439570,STABLE BEAMS,2510,3.697866617,3.672140679,1.2,PLTZERO
306549:6380,38:38,1510439593,STABLE BEAMS,2510,3.702707899,3.676932230,1.2,PLTZERO
306549:6380,39:39,1510439616,STABLE BEAMS,2510,3.669461631,3.643791418,1.2,PLTZERO
306549:6380,40:40,1510439640,STABLE BEAMS,2510,3.692398106,3.666589205,1.2,PLTZERO
306549:6380,41:41,1510439663,STABLE BEAMS,2510,3.688958891,3.663295564,1.2,PLTZERO
306549:6380,42:42,1510439686,STABLE BEAMS,2510,3.696738458,3.671013317,1.2,PLTZERO
306549:6380,43:43,1510439710,STABLE BEAMS,2510,3.701751129,3.675998166,1.2,PLTZERO
306549:6380,44:44,1510439733,STABLE BEAMS,2510,3.717259563,3.691389042,1.2,PLTZERO
306549:6380,45:45,1510439756,STABLE BEAMS,2510,3.684895363,3.659255833,1.2,PLTZERO
306549:6380,46:46,1510439780,STABLE BEAMS,2510,3.690998058,3.136254704,1.2,PLTZERO
306549:6380,47:0,1510439803,STABLE BEAMS,2510,3.705924130,0,1.2,PLTZERO
306549:6380,48:0,1510439826,STABLE BEAMS,2510,3.693305748,0,1.2,PLTZERO
306549:6380,49:0,1510439850,STABLE BEAMS,2510,3.692141471,0,1.2,PLTZERO
306549:6380,50:0,1510439873,STABLE BEAMS,2510,3.712936710,0,1.2,PLTZERO
306549:6380,51:0,1510439896,STABLE BEAMS,2510,3.700442832,0,1.2,PLTZERO
306549:6380,52:0,1510439919,STABLE BEAMS,2510,3.708425418,0,1.2,PLTZERO
306549:6380,53:0,1510439943,STABLE BEAMS,2510,3.691001647,0,1.2,PLTZERO
306549:6380,54:0,1510439966,STABLE BEAMS,2510,3.696372350,0,1.2,PLTZERO
306550:6380,1:1,1510439980,STABLE BEAMS,2510,3.694729127,3.667867364,1.2,PLTZERO
306550:6380,2:2,1510440003,STABLE BEAMS,2510,3.690148741,3.664177045,1.2,PLTZERO
306550:6380,3:3,1510440027,STABLE BEAMS,2510,3.698832585,3.551090755,1.2,PLTZERO
306550:6380,4:4,1510440050,STABLE BEAMS,2510,3.689649605,3.646600257,1.2,PLTZERO
306550:6380,5:5,1510440073,STABLE BEAMS,2510,3.684802490,3.641506203,1.2,PLTZERO
306550:6380,6:6,1510440096,STABLE BEAMS,2510,3.682268450,3.639238177,1.2,PLTZERO
306550:6380,7:7,1510440120,STABLE BEAMS,2510,3.669942147,3.627153280,1.2,PLTZERO
306550:6380,8:8,1510440143,STABLE BEAMS,2510,3.682441185,3.639701975,1.2,PLTZERO
306550:6380,9:9,1510440166,STABLE BEAMS,2510,3.671190548,3.628434869,1.2,PLTZERO
306550:6380,10:10,1510440190,STABLE BEAMS,2510,3.668549726,3.625385250,1.2,PLTZERO
306550:6380,11:11,1510440213,STABLE BEAMS,2510,3.687642069,3.644806690,1.2,PLTZERO
306550:6380,12:12,1510440236,STABLE BEAMS,2510,3.674940012,3.631693978,1.2,PLTZERO
306550:6380,13:13,1510440260,STABLE BEAMS,2510,3.680393269,3.637817587,1.2,PLTZERO
306550:6380,14:14,1510440283,STABLE BEAMS,2510,3.671232946,3.628697029,1.2,PLTZERO
306550:6380,15:15,1510440306,STABLE BEAMS,2510,3.680467523,3.637412347,1.2,PLTZERO
306550:6380,16:16,1510440330,STABLE BEAMS,2510,3.668668621,3.626087349,1.2,PLTZERO
306550:6380,17:17,1510440353,STABLE BEAMS,2510,3.668717525,3.625854514,1.2,PLTZERO
306550:6380,18:18,1510440376,STABLE BEAMS,2510,3.683399077,3.640219555,1.2,PLTZERO
306550:6380,19:19,1510440400,STABLE BEAMS,2510,3.659142864,3.616757177,1.2,PLTZERO
306550:6380,20:20,1510440423,STABLE BEAMS,2510,3.667240756,3.623886929,1.2,PLTZERO
306550:6380,21:21,1510440446,STABLE BEAMS,2510,3.667187365,3.624491027,1.2,PLTZERO
306550:6380,22:22,1510440470,STABLE BEAMS,2510,3.655951759,3.613019189,1.2,PLTZERO
306550:6380,23:23,1510440493,STABLE BEAMS,2510,3.666492613,3.623850137,1.2,PLTZERO
306550:6380,24:24,1510440516,STABLE BEAMS,2510,3.649239782,3.606765693,1.2,PLTZERO
306550:6380,25:25,1510440539,STABLE BEAMS,2510,3.661566085,3.618130141,1.2,PLTZERO
306550:6380,26:26,1510440563,STABLE BEAMS,2510,3.645927314,3.603460798,1.2,PLTZERO
306550:6380,27:27,1510440586,STABLE BEAMS,2510,3.651752287,3.608838006,1.2,PLTZERO
306550:6380,28:28,1510440609,STABLE BEAMS,2510,3.650574101,3.608209811,1.2,PLTZERO
306550:6380,29:29,1510440633,STABLE BEAMS,2510,3.645996856,3.603609823,1.2,PLTZERO
306550:6380,30:30,1510440656,STABLE BEAMS,2510,3.641541647,3.598742940,1.2,PLTZERO
306550:6380,31:31,1510440679,STABLE BEAMS,2510,3.649517504,3.607347726,1.2,PLTZERO
306550:6380,32:32,1510440703,STABLE BEAMS,2510,3.668079304,3.619808609,1.2,PLTZERO
306550:6380,33:33,1510440726,STABLE BEAMS,2510,3.645754579,3.603175658,1.2,PLTZERO
306550:6380,34:34,1510440749,STABLE BEAMS,2510,3.662123547,3.619801123,1.2,PLTZERO
306550:6380,35:35,1510440773,STABLE BEAMS,2510,3.651447197,3.608679591,1.2,PLTZERO
306550:6380,36:36,1510440796,STABLE BEAMS,2510,3.666583467,3.623737760,1.2,PLTZERO
306550:6380,37:37,1510440819,STABLE BEAMS,2510,3.649631464,3.607466066,1.2,PLTZERO
306550:6380,38:38,1510440842,STABLE BEAMS,2510,3.644757878,3.601957392,1.2,PLTZERO
306550:6380,39:39,1510440866,STABLE BEAMS,2510,3.649896847,3.607160691,1.2,PLTZERO
306550:6380,40:40,1510440889,STABLE BEAMS,2510,3.654242583,3.611354163,1.2,PLTZERO
306550:6380,41:41,1510440912,STABLE BEAMS,2510,3.655857540,3.613409117,1.2,PLTZERO
306550:6380,42:42,1510440936,STABLE BEAMS,2510,3.659991956,3.617564065,1.2,PLTZERO
306550:6380,43:43,1510440959,STABLE BEAMS,2510,3.655916314,3.612774335,1.2,PLTZERO
306550:6380,44:44,1510440982,STABLE BEAMS,2510,3.637879896,3.595575240,1.2,PLTZERO
306550:6380,45:45,1510441006,STABLE BEAMS,2510,3.656329756,3.613466290,1.2,PLTZERO
306550:6380,46:46,1510441029,STABLE BEAMS,2510,3.651152426,3.608687094,1.2,PLTZERO
306550:6380,47:47,1510441052,STABLE BEAMS,2510,3.657101005,3.614624194,1.2,PLTZERO
306550:6380,48:48,1510441076,STABLE BEAMS,2510,3.656320334,3.613488678,1.2,PLTZERO
306550:6380,49:49,1510441099,STABLE BEAMS,2510,3.647514903,3.605377117,1.2,PLTZERO
306550:6380,50:50,1510441122,STABLE BEAMS,2510,3.650338105,3.607603745,1.2,PLTZERO
306550:6380,51:51,1510441145,STABLE BEAMS,2510,3.654655127,3.612264392,1.2,PLTZERO
306550:6380,52:52,1510441169,STABLE BEAMS,2510,3.646014130,3.603414476,1.2,PLTZERO
306550:6380,53:53,1510441192,STABLE BEAMS,2510,3.638253631,3.595476534,1.2,PLTZERO
306550:6380,54:54,1510441215,STABLE BEAMS,2510,3.641293537,3.599026213,1.2,PLTZERO
306550:6380,55:55,1510441239,STABLE BEAMS,2510,3.642370325,3.599882718,1.2,PLTZERO
306550:6380,56:56,1510441262,STABLE BEAMS,2510,3.630962881,3.588957131,1.2,PLTZERO
306550:6380,57:57,1510441285,STABLE BEAMS,2510,3.636782470,3.594681648,1.2,PLTZERO
306550:6380,58:58,1510441309,STABLE BEAMS,2510,3.658216153,3.285878698,1.2,PLTZERO
306550:6380,59:59,1510441332,STABLE BEAMS,2510,3.641818920,1.079624885,1.2,PLTZERO
306550:6380,60:60,1510441355,STABLE BEAMS,2510,3.644960673,3.602153382,1.2,PLTZERO
306550:6380,61:61,1510441379,STABLE BEAMS,2510,3.661765066,3.619291225,1.2,PLTZERO
306550:6380,62:62,1510441402,STABLE BEAMS,2510,3.642113915,3.599470154,1.2,PLTZERO
306550:6380,63:63,1510441425,STABLE BEAMS,2510,3.635368738,3.593112196,1.2,PLTZERO
306550:6380,64:64,1510441449,STABLE BEAMS,2510,3.641928842,3.599389548,1.2,PLTZERO
306550:6380,65:65,1510441472,STABLE BEAMS,2510,3.633816369,3.591058050,1.2,PLTZERO
306550:6380,66:66,1510441495,STABLE BEAMS,2510,3.636223438,3.594002988,1.2,PLTZERO
306550:6380,67:67,1510441518,STABLE BEAMS,2510,3.629409615,3.586765453,1.2,PLTZERO
306550:6380,68:68,1510441542,STABLE BEAMS,2510,3.642310429,3.600012355,1.2,PLTZERO
306550:6380,69:69,1510441565,STABLE BEAMS,2510,3.648859990,3.606616190,1.2,PLTZERO
306550:6380,70:70,1510441588,STABLE BEAMS,2510,3.636579675,3.593885949,1.2,PLTZERO
306550:6380,71:71,1510441612,STABLE BEAMS,2510,3.632585017,3.590415000,1.2,PLTZERO
306550:6380,72:72,1510441635,STABLE BEAMS,2510,3.632371005,3.589837540,1.2,PLTZERO
306550:6380,73:73,1510441658,STABLE BEAMS,2510,3.623259138,3.580989432,1.2,PLTZERO
306550:6380,74:74,1510441682,STABLE BEAMS,2510,3.643827578,3.601455654,1.2,PLTZERO
306550:6380,75:75,1510441705,STABLE BEAMS,2510,3.637210717,3.594423180,1.2,PLTZERO
306550:6380,76:76,1510441728,STABLE BEAMS,2510,3.628311292,3.586055624,1.2,PLTZERO
306550:6380,77:77,1510441752,STABLE BEAMS,2510,3.618075078,3.575848284,1.2,PLTZERO
306550:6380,78:78,1510441775,STABLE BEAMS,2510,3.633426706,3.487900454,1.2,PLTZERO
306550:6380,79:79,1510441798,STABLE BEAMS,2510,3.616787196,3.523911159,1.2,PLTZERO
306550:6380,80:80,1510441822,STABLE BEAMS,2510,3.622440331,3.580690834,1.2,PLTZERO
306550:6380,81:81,1510441845,STABLE BEAMS,2510,3.629229029,3.587022455,1.2,PLTZERO
306550:6380,82:82,1510441868,STABLE BEAMS,2510,3.609417257,3.567546857,1.2,PLTZERO
306550:6380,83:83,1510441891,STABLE BEAMS,2510,3.635527339,3.593081098,1.2,PLTZERO
306550:6380,84:84,1510441915,STABLE BEAMS,2510,3.643170737,3.600864570,1.2,PLTZERO
306550:6380,85:85,1510441938,STABLE BEAMS,2510,3.630099208,3.587821461,1.2,PLTZERO
306550:6380,86:86,1510441961,STABLE BEAMS,2510,3.633685808,3.590896261,1.2,PLTZERO
306550:6380,87:87,1510441985,STABLE BEAMS,2510,3.648381268,3.605839993,1.2,PLTZERO
306550:6380,88:88,1510442008,STABLE BEAMS,2510,3.635846338,3.592987850,1.2,PLTZERO
306550:6380,89:89,1510442031,STABLE BEAMS,2510,3.614831031,3.572973046,1.2,PLTZERO
306550:6380,90:90,1510442055,STABLE BEAMS,2510,3.643562868,3.601177595,1.2,PLTZERO
306550:6380,91:91,1510442078,STABLE BEAMS,2510,3.635120628,3.592261239,1.2,PLTZERO
306550:6380,92:92,1510442101,STABLE BEAMS,2510,3.642703905,3.600499164,1.2,PLTZERO
306550:6380,93:93,1510442125,STABLE BEAMS,2510,3.626861666,3.584358753,1.2,PLTZERO
306550:6380,94:94,1510442148,STABLE BEAMS,2510,3.644991182,3.602779534,1.2,PLTZERO
306550:6380,95:95,1510442171,STABLE BEAMS,2510,3.633954781,3.591836286,1.2,PLTZERO
306550:6380,96:96,1510442195,STABLE BEAMS,2510,3.628337314,3.585671145,1.2,PLTZERO
306550:6380,97:97,1510442218,STABLE BEAMS,2510,3.644700898,3.602561494,1.2,PLTZERO
306550:6380,98:98,1510442241,STABLE BEAMS,2510,3.610985777,3.568722132,1.2,PLTZERO
306550:6380,99:99,1510442264,STABLE BEAMS,2510,3.637390182,3.595167537,1.2,PLTZERO
306550:6380,100:100,1510442288,STABLE BEAMS,2510,3.621479971,3.579231648,1.2,PLTZERO
306550:6380,101:101,1510442311,STABLE BEAMS,2510,3.628280558,3.585588636,1.2,PLTZERO
306550:6380,102:102,1510442334,STABLE BEAMS,2510,3.613761646,3.571568902,1.2,PLTZERO
306550:6380,103:103,1510442358,STABLE BEAMS,2510,3.615426405,3.572950298,1.2,PLTZERO
306550:6380,104:104,1510442381,STABLE BEAMS,2510,3.605929811,3.564293697,1.2,PLTZERO
306550:6380,105:105,1510442404,STABLE BEAMS,2510,3.615939898,3.574070326,1.2,PLTZERO
306550:6380,106:106,1510442428,STABLE BEAMS,2510,3.618130937,3.575875260,1.2,PLTZERO
306550:6380,107:107,1510442451,STABLE BEAMS,2510,3.598095731,3.556264329,1.2,PLTZERO
306550:6380,108:108,1510442474,STABLE BEAMS,2510,3.612729501,3.570789357,1.2,PLTZERO
306550:6380,109:109,1510442498,STABLE BEAMS,2510,3.618606967,3.576665731,1.2,PLTZERO
306550:6380,110:110,1510442521,STABLE BEAMS,2510,3.611509814,3.569680268,1.2,PLTZERO
306550:6380,111:111,1510442544,STABLE BEAMS,2510,3.622800382,3.580404111,1.2,PLTZERO
306550:6380,112:112,1510442567,STABLE BEAMS,2510,3.621956001,3.579874836,1.2,PLTZERO
306550:6380,113:113,1510442591,STABLE BEAMS,2510,3.610485969,3.568198751,1.2,PLTZERO
306550:6380,114:114,1510442614,STABLE BEAMS,2510,3.631598859,3.589927052,1.2,PLTZERO
306550:6380,115:115,1510442637,STABLE BEAMS,2510,3.629200314,3.587099796,1.2,PLTZERO
306550:6380,116:116,1510442661,STABLE BEAMS,2510,3.613845322,3.571602098,1.2,PLTZERO
306550:6380,117:117,1510442684,STABLE BEAMS,2510,3.622209719,3.580130629,1.2,PLTZERO
306550:6380,118:118,1510442707,STABLE BEAMS,2510,3.608696931,3.566512634,1.2,PLTZERO
306550:6380,119:119,1510442731,STABLE BEAMS,2510,3.609075377,3.567160132,1.2,PLTZERO
306550:6380,120:120,1510442754,STABLE BEAMS,2510,3.623881207,3.581721748,1.2,PLTZERO
306550:6380,121:121,1510442777,STABLE BEAMS,2510,3.597125725,3.555097901,1.2,PLTZERO
306550:6380,122:122,1510442801,STABLE BEAMS,2510,3.613369292,3.571762560,1.2,PLTZERO
306550:6380,123:123,1510442824,STABLE BEAMS,2510,3.600091827,3.558151696,1.2,PLTZERO
306550:6380,124:124,1510442847,STABLE BEAMS,2510,3.617916028,3.576445139,1.2,PLTZERO
306550:6380,125:125,1510442870,STABLE BEAMS,2510,3.617465347,3.575312784,1.2,PLTZERO
306550:6380,126:126,1510442894,STABLE BEAMS,2510,3.605882925,3.563519569,1.2,PLTZERO
306550:6380,127:127,1510442917,STABLE BEAMS,2510,3.620347101,3.578235661,1.2,PLTZERO
306550:6380,128:128,1510442940,STABLE BEAMS,2510,3.598408000,3.556150555,1.2,PLTZERO
306550:6380,129:129,1510442964,STABLE BEAMS,2510,3.620490448,3.578400570,1.2,PLTZERO
306550:6380,130:130,1510442987,STABLE BEAMS,2510,3.593727338,3.552100637,1.2,PLTZERO
306550:6380,131:131,1510443010,STABLE BEAMS,2510,3.600360126,3.557733278,1.2,PLTZERO
306550:6380,132:132,1510443034,STABLE BEAMS,2510,3.604785724,3.562824040,1.2,PLTZERO
306550:6380,133:133,1510443057,STABLE BEAMS,2510,3.592539058,3.550277653,1.2,PLTZERO
306550:6380,134:134,1510443080,STABLE BEAMS,2510,3.603613371,3.561707823,1.2,PLTZERO
306550:6380,135:135,1510443104,STABLE BEAMS,2510,3.605751243,3.563752060,1.2,PLTZERO
306550:6380,136:136,1510443127,STABLE BEAMS,2510,3.604118340,3.561787586,1.2,PLTZERO
306550:6380,137:137,1510443150,STABLE BEAMS,2510,3.604306329,3.562170232,1.2,PLTZERO
306550:6380,138:138,1510443173,STABLE BEAMS,2510,3.606886581,3.564663409,1.2,PLTZERO
306550:6380,139:139,1510443197,STABLE BEAMS,2510,3.596553906,3.554695528,1.2,PLTZERO
306550:6380,140:140,1510443220,STABLE BEAMS,2510,3.593098315,3.551353048,1.2,PLTZERO
306550:6380,141:141,1510443243,STABLE BEAMS,2510,3.582630144,3.540940650,1.2,PLTZERO
306550:6380,142:142,1510443267,STABLE BEAMS,2510,3.585937228,3.544312467,1.2,PLTZERO
306550:6380,143:143,1510443290,STABLE BEAMS,2510,3.576566259,3.534487789,1.2,PLTZERO
306550:6380,144:144,1510443313,STABLE BEAMS,2510,3.583006122,3.541624137,1.2,PLTZERO
306550:6380,145:145,1510443337,STABLE BEAMS,2510,3.587424765,3.545369082,1.2,PLTZERO
306550:6380,146:146,1510443360,STABLE BEAMS,2510,3.586845543,3.544851999,1.2,PLTZERO
306550:6380,147:147,1510443383,STABLE BEAMS,2510,3.597388192,3.555554412,1.2,PLTZERO
306550:6380,148:148,1510443407,STABLE BEAMS,2510,3.586594742,3.544638963,1.2,PLTZERO
306550:6380,149:149,1510443430,STABLE BEAMS,2510,3.587758121,3.545903198,1.2,PLTZERO
306550:6380,150:150,1510443453,STABLE BEAMS,2510,3.590085104,3.548450793,1.2,PLTZERO
306550:6380,151:151,1510443477,STABLE BEAMS,2510,3.574783726,3.533163845,1.2,PLTZERO
306550:6380,152:152,1510443500,STABLE BEAMS,2510,3.574984054,3.533342003,1.2,PLTZERO
306550:6380,153:153,1510443523,STABLE BEAMS,2510,3.587412427,3.545580200,1.2,PLTZERO
306550:6380,154:154,1510443547,STABLE BEAMS,2510,3.573240331,3.531986004,1.2,PLTZERO
306550:6380,155:155,1510443570,STABLE BEAMS,2510,3.586038850,3.493675699,1.2,PLTZERO
306550:6380,156:156,1510443593,STABLE BEAMS,2510,3.578503579,3.431014825,1.2,PLTZERO
306550:6380,157:157,1510443616,STABLE BEAMS,2510,3.575970661,3.483886052,1.2,PLTZERO
306550:6380,158:158,1510443640,STABLE BEAMS,2510,3.565587062,3.523689699,1.2,PLTZERO
306550:6380,159:159,1510443663,STABLE BEAMS,2510,3.569345949,3.527816609,1.2,PLTZERO
306550:6380,160:160,1510443686,STABLE BEAMS,2510,3.588305937,3.546348183,1.2,PLTZERO
306550:6380,161:161,1510443710,STABLE BEAMS,2510,3.566556620,3.525094983,1.2,PLTZERO
306550:6380,162:162,1510443733,STABLE BEAMS,2510,3.573931045,3.532544802,1.2,PLTZERO
306550:6380,163:163,1510443756,STABLE BEAMS,2510,3.575158808,3.533356021,1.2,PLTZERO
306550:6380,164:164,1510443780,STABLE BEAMS,2510,3.577438457,3.535635689,1.2,PLTZERO
306550:6380,165:165,1510443803,STABLE BEAMS,2510,3.565898658,3.524335847,1.2,PLTZERO
306550:6380,166:166,1510443826,STABLE BEAMS,2510,3.583883704,3.542185839,1.2,PLTZERO
306550:6380,167:167,1510443850,STABLE BEAMS,2510,3.573273756,3.531949029,1.2,PLTZERO
306550:6380,168:168,1510443873,STABLE BEAMS,2510,3.593065338,3.550933558,1.2,PLTZERO
306550:6380,169:169,1510443896,STABLE BEAMS,2510,3.569799770,3.528653254,1.2,PLTZERO
306550:6380,170:170,1510443919,STABLE BEAMS,2510,3.575458289,3.533452373,1.2,PLTZERO
306550:6380,171:171,1510443943,STABLE BEAMS,2510,3.562112852,3.520770816,1.2,PLTZERO
306550:6380,172:172,1510443966,STABLE BEAMS,2510,3.569780702,3.528403525,1.2,PLTZERO
306550:6380,173:173,1510443989,STABLE BEAMS,2510,3.561223604,3.519313294,1.2,PLTZERO
306550:6380,174:174,1510444013,STABLE BEAMS,2510,3.577335489,3.535519039,1.2,PLTZERO
306550:6380,175:175,1510444036,STABLE BEAMS,2510,3.563839301,3.522007585,1.2,PLTZERO
306550:6380,176:176,1510444059,STABLE BEAMS,2510,3.573148131,3.531810607,1.2,PLTZERO
306550:6380,177:177,1510444083,STABLE BEAMS,2510,3.557162096,3.516007045,1.2,PLTZERO
306550:6380,178:178,1510444106,STABLE BEAMS,2510,3.569404050,3.527476688,1.2,PLTZERO
306550:6380,179:179,1510444129,STABLE BEAMS,2510,3.568616201,3.527115771,1.2,PLTZERO
306550:6380,180:180,1510444153,STABLE BEAMS,2510,3.559485938,3.517778149,1.2,PLTZERO
306550:6380,181:181,1510444176,STABLE BEAMS,2510,3.572312274,3.530807266,1.2,PLTZERO
306550:6380,182:182,1510444199,STABLE BEAMS,2510,3.566688751,3.525292989,1.2,PLTZERO
306550:6380,183:183,1510444223,STABLE BEAMS,2510,3.552742107,3.510879865,1.1,PLTZERO
306550:6380,184:184,1510444246,STABLE BEAMS,2510,3.556491796,3.515195264,1.1,PLTZERO
306550:6380,185:185,1510444269,STABLE BEAMS,2510,3.559514653,3.517942928,1.2,PLTZERO
306550:6380,186:186,1510444292,STABLE BEAMS,2510,3.561945052,3.520501822,1.2,PLTZERO
306550:6380,187:187,1510444316,STABLE BEAMS,2510,3.545594255,3.504676941,1.1,PLTZERO
306550:6380,188:188,1510444339,STABLE BEAMS,2510,3.561409575,3.519658249,1.2,PLTZERO
306550:6380,189:189,1510444362,STABLE BEAMS,2510,3.554743361,3.513526306,1.1,PLTZERO
306550:6380,190:190,1510444386,STABLE BEAMS,2510,3.549020011,3.507423163,1.1,PLTZERO
306550:6380,191:191,1510444409,STABLE BEAMS,2510,3.552093118,3.510763281,1.1,PLTZERO
306550:6380,192:192,1510444432,STABLE BEAMS,2510,3.542438370,3.501336963,1.1,PLTZERO
306550:6380,193:193,1510444456,STABLE BEAMS,2510,3.541898406,3.500212453,1.1,PLTZERO
306550:6380,194:194,1510444479,STABLE BEAMS,2510,3.539612924,3.498665210,1.1,PLTZERO
306550:6380,195:195,1510444502,STABLE BEAMS,2510,3.538599846,3.497450937,1.1,PLTZERO
306550:6380,196:196,1510444526,STABLE BEAMS,2510,3.569354025,3.528031926,1.2,PLTZERO
306550:6380,197:197,1510444549,STABLE BEAMS,2510,3.553887988,3.512752333,1.1,PLTZERO
306550:6380,198:198,1510444572,STABLE BEAMS,2510,3.543440231,3.501685136,1.1,PLTZERO
306550:6380,199:199,1510444596,STABLE BEAMS,2510,3.546357429,3.505069736,1.1,PLTZERO
306550:6380,200:200,1510444619,STABLE BEAMS,2510,3.546583554,3.505228655,1.1,PLTZERO
306550:6380,201:201,1510444642,STABLE BEAMS,2510,3.533021862,3.491930466,1.1,PLTZERO
306550:6380,202:202,1510444665,STABLE BEAMS,2510,3.545795929,3.504761929,1.1,PLTZERO
306550:6380,203:203,1510444689,STABLE BEAMS,2510,3.550778091,3.509123696,1.1,PLTZERO
306550:6380,204:204,1510444712,STABLE BEAMS,2510,3.535908101,3.495033289,1.1,PLTZERO
306550:6380,205:205,1510444735,STABLE BEAMS,2510,3.547470782,3.505986206,1.1,PLTZERO
306550:6380,206:206,1510444759,STABLE BEAMS,2510,3.520907103,3.480299105,1.1,PLTZERO
306550:6380,207:207,1510444782,STABLE BEAMS,2510,3.548669830,3.507331830,1.1,PLTZERO
306550:6380,208:208,1510444805,STABLE BEAMS,2510,3.547202034,3.505528084,1.1,PLTZERO
306550:6380,209:209,1510444829,STABLE BEAMS,2510,3.531366974,3.490580780,1.1,PLTZERO
306550:6380,210:210,1510444852,STABLE BEAMS,2510,3.536826063,3.495094939,1.1,PLTZERO
306550:6380,211:211,1510444875,STABLE BEAMS,2510,3.516566751,3.476064302,1.1,PLTZERO
306550:6380,212:212,1510444899,STABLE BEAMS,2510,3.522264753,3.481575139,1.1,PLTZERO
306550:6380,213:213,1510444922,STABLE BEAMS,2510,3.514695608,3.473632093,1.1,PLTZERO
306550:6380,214:214,1510444945,STABLE BEAMS,2510,3.525918428,3.485127301,1.1,PLTZERO
306550:6380,215:215,1510444968,STABLE BEAMS,2510,3.522577470,3.481402932,1.1,PLTZERO
306550:6380,216:216,1510444992,STABLE BEAMS,2510,3.517791821,3.477009317,1.1,PLTZERO
306550:6380,217:217,1510445015,STABLE BEAMS,2510,3.531516378,3.490730298,1.1,PLTZERO
306550:6380,218:218,1510445038,STABLE BEAMS,2510,3.516131101,3.474588675,1.1,PLTZERO
306550:6380,219:219,1510445062,STABLE BEAMS,2510,3.520177579,3.479502920,1.1,PLTZERO
306550:6380,220:220,1510445085,STABLE BEAMS,2510,3.493719335,3.452817899,1.1,PLTZERO
306550:6380,221:221,1510445108,STABLE BEAMS,2510,3.517625817,3.477078232,1.1,PLTZERO
306550:6380,222:222,1510445132,STABLE BEAMS,2510,3.507261062,3.466359818,1.1,PLTZERO
306550:6380,223:223,1510445155,STABLE BEAMS,2510,3.518283106,3.477150225,1.1,PLTZERO
306550:6380,224:224,1510445178,STABLE BEAMS,2510,3.522724631,3.481605179,1.1,PLTZERO
306550:6380,225:225,1510445202,STABLE BEAMS,2510,3.503467629,3.462696884,1.1,PLTZERO
306550:6380,226:226,1510445225,STABLE BEAMS,2510,3.508283337,3.467359220,1.1,PLTZERO
306550:6380,227:227,1510445248,STABLE BEAMS,2510,3.502552584,3.461944321,1.1,PLTZERO
306550:6380,228:228,1510445271,STABLE BEAMS,2510,3.511327282,3.470318342,1.1,PLTZERO
306550:6380,229:229,1510445295,STABLE BEAMS,2510,3.501395261,3.461046303,1.1,PLTZERO
306550:6380,230:230,1510445318,STABLE BEAMS,2510,3.498317219,3.457371055,1.1,PLTZERO
306550:6380,231:231,1510445341,STABLE BEAMS,2510,3.504595788,3.463955935,1.1,PLTZERO
306550:6380,232:232,1510445365,STABLE BEAMS,2510,3.504657255,3.464045251,1.1,PLTZERO
306550:6380,233:233,1510445388,STABLE BEAMS,2510,3.513364205,3.323672427,1.1,PLTZERO
306550:6380,234:234,1510445411,STABLE BEAMS,2510,3.496987610,3.407017542,1.1,PLTZERO
306550:6380,235:235,1510445435,STABLE BEAMS,2510,3.499970312,3.459358609,1.1,PLTZERO
306550:6380,236:236,1510445458,STABLE BEAMS,2510,3.488685353,3.448254198,1.1,PLTZERO
306550:6380,237:237,1510445481,STABLE BEAMS,2510,3.501453587,3.460689281,1.1,PLTZERO
306550:6380,238:238,1510445505,STABLE BEAMS,2510,3.488442627,3.448148568,1.1,PLTZERO
306550:6380,239:239,1510445528,STABLE BEAMS,2510,3.500583184,3.460293357,1.1,PLTZERO
306550:6380,240:240,1510445551,STABLE BEAMS,2510,3.498323949,3.457861767,1.1,PLTZERO
306550:6380,241:241,1510445575,STABLE BEAMS,2510,3.488045561,3.448120186,1.1,PLTZERO
306550:6380,242:242,1510445598,STABLE BEAMS,2510,3.489209838,3.448698794,1.1,PLTZERO
306550:6380,243:243,1510445621,STABLE BEAMS,2510,3.491274130,3.451332381,1.1,PLTZERO
306550:6380,244:244,1510445644,STABLE BEAMS,2510,3.488144491,3.448029881,1.1,PLTZERO
306550:6380,245:245,1510445668,STABLE BEAMS,2510,3.485588242,3.444888370,1.1,PLTZERO
306550:6380,246:246,1510445691,STABLE BEAMS,2510,3.495812117,3.455500218,1.1,PLTZERO
306550:6380,247:247,1510445714,STABLE BEAMS,2510,3.485326448,3.444967459,1.1,PLTZERO
306550:6380,248:248,1510445738,STABLE BEAMS,2510,3.504267592,3.463899509,1.1,PLTZERO
306550:6380,249:249,1510445761,STABLE BEAMS,2510,3.488417502,3.447970095,1.1,PLTZERO
306550:6380,250:250,1510445784,STABLE BEAMS,2510,3.484872178,3.444106948,1.1,PLTZERO
306550:6380,251:251,1510445808,STABLE BEAMS,2510,3.500380837,3.460096371,1.1,PLTZERO
306550:6380,252:252,1510445831,STABLE BEAMS,2510,3.495168063,3.454636930,1.1,PLTZERO
306550:6380,253:253,1510445854,STABLE BEAMS,2510,3.492349571,3.452232020,1.1,PLTZERO
306550:6380,254:254,1510445878,STABLE BEAMS,2510,3.491830021,3.451462930,1.1,PLTZERO
306550:6380,255:255,1510445901,STABLE BEAMS,2510,3.494888547,3.453932217,1.1,PLTZERO
306550:6380,256:256,1510445924,STABLE BEAMS,2510,3.490296721,3.449883809,1.1,PLTZERO
306550:6380,257:257,1510445948,STABLE BEAMS,2510,3.499166086,3.458357424,1.1,PLTZERO
306550:6380,258:258,1510445971,STABLE BEAMS,2510,3.494082527,3.453827532,1.1,PLTZERO
306550:6380,259:259,1510445994,STABLE BEAMS,2510,3.496037569,3.455717616,1.1,PLTZERO
306550:6380,260:260,1510446017,STABLE BEAMS,2510,3.479423632,3.439073871,1.1,PLTZERO
306550:6380,261:261,1510446041,STABLE BEAMS,2510,3.486053504,3.445773743,1.1,PLTZERO
306550:6380,262:262,1510446064,STABLE BEAMS,2510,3.484568434,3.443904641,1.1,PLTZERO
306550:6380,263:263,1510446087,STABLE BEAMS,2510,3.489477016,3.449252693,1.1,PLTZERO
306550:6380,264:264,1510446111,STABLE BEAMS,2510,3.486710569,3.446517532,1.1,PLTZERO
306550:6380,265:265,1510446134,STABLE BEAMS,2510,3.482103488,3.441351323,1.1,PLTZERO
306550:6380,266:266,1510446157,STABLE BEAMS,2510,3.481972479,3.441746513,1.1,PLTZERO
306550:6380,267:267,1510446181,STABLE BEAMS,2510,3.485787672,3.445260754,1.1,PLTZERO
306550:6380,268:268,1510446204,STABLE BEAMS,2510,3.493701613,3.453553384,1.1,PLTZERO
306550:6380,269:269,1510446227,STABLE BEAMS,2510,3.498771264,3.458511995,1.1,PLTZERO
306550:6380,270:270,1510446251,STABLE BEAMS,2510,3.489441796,3.448889939,1.1,PLTZERO
306550:6380,271:271,1510446274,STABLE BEAMS,2510,3.481565991,3.441278316,1.1,PLTZERO
306550:6380,272:272,1510446297,STABLE BEAMS,2510,3.467081178,3.426696599,1.1,PLTZERO
306550:6380,273:273,1510446320,STABLE BEAMS,2510,3.483245556,3.443430084,1.1,PLTZERO
306550:6380,274:274,1510446344,STABLE BEAMS,2510,3.466471671,3.426282928,1.1,PLTZERO
306550:6380,275:275,1510446367,STABLE BEAMS,2510,3.473565459,3.433123422,1.1,PLTZERO
306550:6380,276:276,1510446390,STABLE BEAMS,2510,3.480688409,3.440219571,1.1,PLTZERO
306550:6380,277:277,1510446414,STABLE BEAMS,2510,3.456769141,3.416458524,1.1,PLTZERO
306550:6380,278:278,1510446437,STABLE BEAMS,2510,3.466900367,3.421616166,1.1,PLTZERO
306550:6380,279:279,1510446460,STABLE BEAMS,2510,3.474814757,3.434584118,1.1,PLTZERO
306550:6380,280:280,1510446484,STABLE BEAMS,2510,3.482372460,3.442306117,1.1,PLTZERO
306550:6380,281:281,1510446507,STABLE BEAMS,2510,3.456177132,3.415425753,1.1,PLTZERO
306550:6380,282:282,1510446530,STABLE BEAMS,2510,3.462198394,3.422120429,1.1,PLTZERO
306550:6380,283:283,1510446554,STABLE BEAMS,2510,3.462856805,3.422302272,1.1,PLTZERO
306550:6380,284:284,1510446577,STABLE BEAMS,2510,3.457425309,3.417610023,1.1,PLTZERO
306550:6380,285:285,1510446600,STABLE BEAMS,2510,3.452677796,3.412547796,1.1,PLTZERO
306550:6380,286:286,1510446624,STABLE BEAMS,2510,3.471580356,3.431060903,1.1,PLTZERO
306550:6380,287:287,1510446647,STABLE BEAMS,2510,3.461911924,3.421915912,1.1,PLTZERO
306550:6380,288:288,1510446670,STABLE BEAMS,2510,3.461401571,3.420816663,1.1,PLTZERO
306550:6380,289:289,1510446694,STABLE BEAMS,2510,3.451048258,3.411294441,1.1,PLTZERO
306550:6380,290:290,1510446717,STABLE BEAMS,2510,3.461616256,3.421651269,1.1,PLTZERO
306550:6380,291:291,1510446740,STABLE BEAMS,2510,3.458430310,3.418041553,1.1,PLTZERO
306550:6380,292:292,1510446763,STABLE BEAMS,2510,3.200516776,3.163605077,1.0,PLTZERO
306550:6380,293:293,1510446787,STABLE BEAMS,2510,3.420413199,3.380391913,1.1,PLTZERO
306550:6380,294:294,1510446810,STABLE BEAMS,2510,3.302744307,3.264838591,1.1,PLTZERO
306550:6380,295:295,1510446833,STABLE BEAMS,2510,3.375311946,3.336387254,1.1,PLTZERO
306550:6380,317:317,1510447346,STABLE BEAMS,2510,3.492985325,2.831040597,1.1,PLTZERO
306550:6380,318:318,1510447369,STABLE BEAMS,2510,3.467017917,3.426967722,1.1,PLTZERO
306550:6380,319:319,1510447393,STABLE BEAMS,2510,3.441652612,3.401597647,1.1,PLTZERO
306550:6380,320:320,1510447416,STABLE BEAMS,2510,3.447985918,3.408242269,1.1,PLTZERO
306550:6380,321:321,1510447439,STABLE BEAMS,2510,3.443178286,3.403454230,1.1,PLTZERO
306550:6380,322:322,1510447463,STABLE BEAMS,2510,3.455552820,3.415237213,1.1,PLTZERO
306550:6380,323:323,1510447486,STABLE BEAMS,2510,3.459340869,3.419227600,1.1,PLTZERO
306550:6380,324:324,1510447509,STABLE BEAMS,2510,3.451247688,3.410887759,1.1,PLTZERO
306550:6380,325:325,1510447533,STABLE BEAMS,2510,3.446566802,3.406794688,1.1,PLTZERO
306550:6380,326:326,1510447556,STABLE BEAMS,2510,3.444605254,3.404948949,1.1,PLTZERO
306550:6380,327:327,1510447579,STABLE BEAMS,2510,3.463365812,3.422959051,1.1,PLTZERO
306550:6380,328:328,1510447603,STABLE BEAMS,2510,3.458436816,3.418665652,1.1,PLTZERO
306550:6380,329:329,1510447626,STABLE BEAMS,2510,3.449236338,3.409045264,1.1,PLTZERO
306550:6380,330:330,1510447649,STABLE BEAMS,2510,3.438832326,3.399108320,1.1,PLTZERO
306550:6380,331:331,1510447673,STABLE BEAMS,2510,3.447426437,3.407554739,1.1,PLTZERO
306550:6380,332:332,1510447696,STABLE BEAMS,2510,3.443983184,3.403714181,1.1,PLTZERO
306550:6380,333:333,1510447719,STABLE BEAMS,2510,3.425329632,3.385864950,1.1,PLTZERO
306550:6380,334:334,1510447742,STABLE BEAMS,2510,3.434381379,3.394271689,1.1,PLTZERO
306550:6380,335:335,1510447766,STABLE BEAMS,2510,3.438919815,3.399263968,1.1,PLTZERO
306550:6380,336:336,1510447789,STABLE BEAMS,2510,3.445861057,3.406214198,1.1,PLTZERO
306550:6380,337:337,1510447812,STABLE BEAMS,2510,3.428042240,3.388190849,1.1,PLTZERO
306550:6380,338:338,1510447836,STABLE BEAMS,2510,3.410921764,3.371602973,1.1,PLTZERO
306550:6380,339:339,1510447859,STABLE BEAMS,2510,3.427286694,3.387026907,1.1,PLTZERO
306550:6380,340:340,1510447882,STABLE BEAMS,2510,3.426907799,3.387358384,1.1,PLTZERO
306550:6380,341:341,1510447906,STABLE BEAMS,2510,3.428257822,3.388779020,1.1,PLTZERO
306550:6380,342:342,1510447929,STABLE BEAMS,2510,3.432896085,3.392445998,1.1,PLTZERO
306550:6380,343:343,1510447952,STABLE BEAMS,2510,3.425214999,3.385521197,1.1,PLTZERO
306550:6380,344:344,1510447976,STABLE BEAMS,2510,3.420989505,3.380950206,1.1,PLTZERO
306550:6380,345:345,1510447999,STABLE BEAMS,2510,3.409912500,3.370515470,1.1,PLTZERO
306550:6380,346:346,1510448022,STABLE BEAMS,2510,3.415638543,3.376272487,1.1,PLTZERO
306550:6380,347:347,1510448046,STABLE BEAMS,2510,3.419017637,3.379062478,1.1,PLTZERO
306550:6380,348:348,1510448069,STABLE BEAMS,2510,3.419536290,3.379990124,1.1,PLTZERO
306550:6380,349:349,1510448092,STABLE BEAMS,2510,3.428337908,3.388312471,1.1,PLTZERO
306550:6380,350:350,1510448115,STABLE BEAMS,2510,3.412742657,3.373515899,1.1,PLTZERO
306550:6380,351:351,1510448139,STABLE BEAMS,2510,3.405439345,3.366189063,1.1,PLTZERO
306550:6380,352:352,1510448162,STABLE BEAMS,2510,3.403370566,3.363523315,1.1,PLTZERO
306550:6380,353:353,1510448185,STABLE BEAMS,2510,3.411621228,3.372090285,1.1,PLTZERO
306550:6380,354:354,1510448209,STABLE BEAMS,2510,3.413352612,3.373687971,1.1,PLTZERO
306550:6380,355:355,1510448232,STABLE BEAMS,2510,3.420114615,3.380655458,1.1,PLTZERO
306550:6380,356:356,1510448255,STABLE BEAMS,2510,3.410522007,3.371342064,1.1,PLTZERO
306550:6380,357:357,1510448279,STABLE BEAMS,2510,3.413730834,3.373612526,1.1,PLTZERO
306550:6380,358:358,1510448302,STABLE BEAMS,2510,3.417944663,3.378418088,1.1,PLTZERO
306550:6380,359:359,1510448325,STABLE BEAMS,2510,3.417957226,3.378432877,1.1,PLTZERO
306550:6380,360:360,1510448349,STABLE BEAMS,2510,3.407349072,3.368232756,1.1,PLTZERO
306550:6380,361:361,1510448372,STABLE BEAMS,2510,3.418555067,3.378963934,1.1,PLTZERO
306550:6380,362:362,1510448395,STABLE BEAMS,2510,3.412647990,3.372725844,1.1,PLTZERO
306550:6380,363:363,1510448419,STABLE BEAMS,2510,3.430773243,3.391161369,1.1,PLTZERO
306550:6380,364:364,1510448442,STABLE BEAMS,2510,3.410000438,3.370417321,1.1,PLTZERO
306550:6380,365:365,1510448465,STABLE BEAMS,2510,3.423897953,3.384658151,1.1,PLTZERO
306550:6380,366:366,1510448488,STABLE BEAMS,2510,3.414305345,3.374996097,1.1,PLTZERO
306550:6380,367:367,1510448512,STABLE BEAMS,2510,3.427518203,3.387567711,1.1,PLTZERO
306550:6380,368:368,1510448535,STABLE BEAMS,2510,3.424264958,3.384854700,1.1,PLTZERO
306550:6380,369:369,1510448558,STABLE BEAMS,2510,3.421057253,3.381425872,1.1,PLTZERO
306550:6380,370:370,1510448582,STABLE BEAMS,2510,3.416444339,3.377204060,1.1,PLTZERO
306550:6380,371:371,1510448605,STABLE BEAMS,2510,3.406356857,3.366611672,1.1,PLTZERO
306550:6380,372:372,1510448628,STABLE BEAMS,2510,3.431446235,3.391473757,1.1,PLTZERO
306550:6380,373:373,1510448652,STABLE BEAMS,2510,3.402825442,3.363717396,1.1,PLTZERO
306550:6380,374:374,1510448675,STABLE BEAMS,2510,3.412068319,3.372107993,1.1,PLTZERO
306550:6380,375:375,1510448698,STABLE BEAMS,2510,3.418223955,3.378696519,1.1,PLTZERO
306550:6380,376:376,1510448722,STABLE BEAMS,2510,3.418661849,3.379233678,1.1,PLTZERO
306550:6380,377:377,1510448745,STABLE BEAMS,2510,3.417664250,3.377750981,1.1,PLTZERO
306550:6380,378:378,1510448768,STABLE BEAMS,2510,3.420178100,3.380693305,1.1,PLTZERO
306550:6380,379:379,1510448792,STABLE BEAMS,2510,3.420904259,3.380914595,1.1,PLTZERO
306550:6380,380:380,1510448815,STABLE BEAMS,2510,3.418715240,3.379418054,1.1,PLTZERO
306550:6380,381:381,1510448838,STABLE BEAMS,2510,3.403845699,3.364323993,1.1,PLTZERO
306550:6380,382:382,1510448861,STABLE BEAMS,2510,3.418410374,3.373670038,1.1,PLTZERO
306550:6380,383:383,1510448885,STABLE BEAMS,2510,3.415044739,3.375526829,1.1,PLTZERO
306550:6380,384:384,1510448908,STABLE BEAMS,2510,3.423724994,3.383949320,1.1,PLTZERO
306550:6380,385:385,1510448931,STABLE BEAMS,2510,3.408364169,3.368621566,1.1,PLTZERO
306550:6380,386:386,1510448955,STABLE BEAMS,2510,3.409241078,3.369482338,1.1,PLTZERO
306550:6380,387:387,1510448978,STABLE BEAMS,2510,3.421348210,3.284915906,1.1,PLTZERO
306550:6380,388:388,1510449001,STABLE BEAMS,2510,3.421790814,3.333354304,1.1,PLTZERO
306550:6380,389:389,1510449025,STABLE BEAMS,2510,3.392885122,3.353425964,1.1,PLTZERO
306550:6380,390:390,1510449048,STABLE BEAMS,2510,3.424428944,3.384689623,1.1,PLTZERO
306550:6380,391:391,1510449071,STABLE BEAMS,2510,3.388202441,3.349092079,1.1,PLTZERO
306550:6380,392:392,1510449095,STABLE BEAMS,2510,3.402396298,3.363260147,1.1,PLTZERO
306550:6380,393:393,1510449118,STABLE BEAMS,2510,3.403731290,3.363734038,1.1,PLTZERO
306550:6380,394:394,1510449141,STABLE BEAMS,2510,3.402201803,3.363010665,1.1,PLTZERO
306550:6380,395:395,1510449164,STABLE BEAMS,2510,3.397395516,3.357724848,1.1,PLTZERO
306550:6380,396:396,1510449188,STABLE BEAMS,2510,3.408071193,3.368782306,1.1,PLTZERO
306550:6380,397:397,1510449211,STABLE BEAMS,2510,3.400275923,3.361173596,1.1,PLTZERO
306550:6380,398:398,1510449234,STABLE BEAMS,2510,3.403270515,3.363336509,1.1,PLTZERO
306550:6380,399:399,1510449258,STABLE BEAMS,2510,3.394992261,3.355805879,1.1,PLTZERO
306550:6380,400:400,1510449281,STABLE BEAMS,2510,3.407776423,3.367966220,1.1,PLTZERO
306550:6380,401:401,1510449304,STABLE BEAMS,2510,3.394649483,3.355603028,1.1,PLTZERO
306550:6380,402:402,1510449328,STABLE BEAMS,2510,3.397376672,3.358262914,1.1,PLTZERO
306550:6380,403:403,1510449351,STABLE BEAMS,2510,3.406382207,3.366756628,1.1,PLTZERO
306550:6380,404:404,1510449374,STABLE BEAMS,2510,3.401558871,3.362360392,1.1,PLTZERO
306550:6380,405:405,1510449398,STABLE BEAMS,2510,3.395883975,3.356517719,1.1,PLTZERO
306550:6380,406:406,1510449421,STABLE BEAMS,2510,3.382526873,3.343521320,1.1,PLTZERO
306550:6380,407:407,1510449444,STABLE BEAMS,2510,3.399285727,3.360028568,1.1,PLTZERO
306550:6380,408:408,1510449468,STABLE BEAMS,2510,3.384018448,3.344209422,1.1,PLTZERO
306550:6380,409:409,1510449491,STABLE BEAMS,2510,3.397233998,3.358190802,1.1,PLTZERO
306550:6380,410:410,1510449514,STABLE BEAMS,2510,3.386025535,3.346532254,1.1,PLTZERO
306550:6380,411:411,1510449537,STABLE BEAMS,2510,3.405095445,3.365736359,1.1,PLTZERO
306550:6380,412:412,1510449561,STABLE BEAMS,2510,3.393434059,3.354348626,1.1,PLTZERO
306550:6380,413:413,1510449584,STABLE BEAMS,2510,3.395192812,3.355772162,1.1,PLTZERO
306550:6380,414:414,1510449607,STABLE BEAMS,2510,3.392539877,3.353091205,1.1,PLTZERO
306550:6380,415:415,1510449631,STABLE BEAMS,2510,3.388724459,3.349570464,1.1,PLTZERO
306550:6380,416:416,1510449654,STABLE BEAMS,2510,3.397309149,3.358098970,1.1,PLTZERO
306550:6380,417:417,1510449677,STABLE BEAMS,2510,3.396357538,3.357127717,1.1,PLTZERO
306550:6380,418:418,1510449701,STABLE BEAMS,2510,3.407056545,3.367129511,1.1,PLTZERO
306550:6380,419:419,1510449724,STABLE BEAMS,2510,3.396849944,2.027727790,1.1,PLTZERO
306550:6380,420:420,1510449747,STABLE BEAMS,2510,3.410621834,3.371468541,1.1,PLTZERO
306550:6380,421:421,1510449771,STABLE BEAMS,2510,3.389572654,3.350167302,1.1,PLTZERO
306550:6380,422:422,1510449794,STABLE BEAMS,2510,3.396620902,3.357292041,1.1,PLTZERO
306550:6380,423:423,1510449817,STABLE BEAMS,2510,3.379593075,3.340455515,1.1,PLTZERO
306550:6380,424:424,1510449841,STABLE BEAMS,2510,3.383886317,3.344485463,1.1,PLTZERO
306550:6380,425:425,1510449864,STABLE BEAMS,2510,3.391621466,3.352387541,1.1,PLTZERO
306550:6380,426:426,1510449887,STABLE BEAMS,2510,3.397810752,3.358274279,1.1,PLTZERO
306550:6380,427:427,1510449910,STABLE BEAMS,2510,3.390372168,3.351204428,1.1,PLTZERO
306550:6380,428:428,1510449934,STABLE BEAMS,2510,3.379044811,3.339937036,1.1,PLTZERO
306550:6380,429:429,1510449957,STABLE BEAMS,2510,3.394647464,3.354940605,1.1,PLTZERO
306550:6380,430:430,1510449980,STABLE BEAMS,2510,3.392705657,3.348932381,1.1,PLTZERO
306550:6380,431:431,1510450004,STABLE BEAMS,2510,3.386490124,3.346895709,1.1,PLTZERO
306550:6380,432:432,1510450027,STABLE BEAMS,2510,3.377765901,3.338571605,1.1,PLTZERO
306550:6380,433:433,1510450050,STABLE BEAMS,2510,3.385585398,3.346057332,1.1,PLTZERO
306550:6380,434:434,1510450074,STABLE BEAMS,2510,3.375058004,3.336375594,1.1,PLTZERO
306550:6380,435:435,1510450097,STABLE BEAMS,2510,3.369756844,3.323278691,1.1,PLTZERO
306550:6380,436:436,1510450120,STABLE BEAMS,2510,3.371598151,3.332205329,1.1,PLTZERO
306550:6380,437:437,1510450144,STABLE BEAMS,2510,3.389397900,3.350187935,1.1,PLTZERO
306550:6380,438:438,1510450167,STABLE BEAMS,2510,3.378264812,3.339082884,1.1,PLTZERO
306550:6380,439:439,1510450190,STABLE BEAMS,2510,3.375790220,3.336945471,1.1,PLTZERO
306550:6380,440:440,1510450213,STABLE BEAMS,2510,3.389793619,3.350741889,1.1,PLTZERO
306550:6380,441:441,1510450237,STABLE BEAMS,2510,3.383906507,3.344158645,1.1,PLTZERO
306550:6380,442:442,1510450260,STABLE BEAMS,2510,3.376039900,3.336925925,1.1,PLTZERO
306550:6380,443:443,1510450283,STABLE BEAMS,2510,3.381013762,3.341515033,1.1,PLTZERO
306550:6380,444:444,1510450307,STABLE BEAMS,2510,3.375882195,3.336949169,1.1,PLTZERO
306550:6380,445:445,1510450330,STABLE BEAMS,2510,3.362433790,3.323404575,1.1,PLTZERO
306550:6380,446:446,1510450353,STABLE BEAMS,2510,3.387508810,3.347730970,1.1,PLTZERO
306550:6380,447:447,1510450377,STABLE BEAMS,2510,3.379951555,3.340840907,1.1,PLTZERO
306550:6380,448:448,1510450400,STABLE BEAMS,2510,3.380728413,3.341333259,1.1,PLTZERO
306550:6380,449:449,1510450423,STABLE BEAMS,2510,3.367190500,3.328537540,1.1,PLTZERO
306550:6380,450:450,1510450447,STABLE BEAMS,2510,3.374693467,3.335844369,1.1,PLTZERO
306550:6380,451:451,1510450470,STABLE BEAMS,2510,3.363305764,3.324367317,1.1,PLTZERO
306550:6380,452:452,1510450493,STABLE BEAMS,2510,3.367125444,3.328265968,1.1,PLTZERO
306550:6380,453:453,1510450517,STABLE BEAMS,2510,3.368165890,3.329103428,1.1,PLTZERO
306550:6380,454:454,1510450540,STABLE BEAMS,2510,3.359790501,3.320847893,1.1,PLTZERO
306550:6380,455:455,1510450563,STABLE BEAMS,2510,3.351102394,3.312200638,1.1,PLTZERO
306550:6380,456:456,1510450586,STABLE BEAMS,2510,3.369589493,3.330224229,1.1,PLTZERO
306550:6380,457:457,1510450610,STABLE BEAMS,2510,3.362272496,3.323593204,1.1,PLTZERO
306550:6380,458:458,1510450633,STABLE BEAMS,2510,3.357828055,3.318678797,1.1,PLTZERO
306550:6380,459:459,1510450656,STABLE BEAMS,2510,3.364476322,3.325612998,1.1,PLTZERO
306550:6380,460:460,1510450680,STABLE BEAMS,2510,3.362896360,3.323900258,1.1,PLTZERO
306550:6380,461:461,1510450703,STABLE BEAMS,2510,3.359492365,3.319965452,1.1,PLTZERO
306550:6380,462:462,1510450726,STABLE BEAMS,2510,3.358757233,3.319927358,1.1,PLTZERO
306550:6380,463:463,1510450750,STABLE BEAMS,2510,3.366943287,3.327684834,1.1,PLTZERO
306550:6380,464:464,1510450773,STABLE BEAMS,2510,3.364886398,3.326017169,1.1,PLTZERO
306550:6380,465:465,1510450796,STABLE BEAMS,2510,3.366024204,3.182377829,1.1,PLTZERO
306550:6380,466:466,1510450820,STABLE BEAMS,2510,3.356661086,3.317629034,1.1,PLTZERO
306550:6380,467:467,1510450843,STABLE BEAMS,2510,3.365560064,3.326987678,1.1,PLTZERO
306550:6380,468:468,1510450866,STABLE BEAMS,2510,3.366334453,3.327190500,1.1,PLTZERO
306550:6380,469:469,1510450889,STABLE BEAMS,2510,3.370601225,3.331686439,1.1,PLTZERO
306550:6380,470:470,1510450913,STABLE BEAMS,2510,3.368389548,3.329106053,1.1,PLTZERO
306550:6380,471:471,1510450936,STABLE BEAMS,2510,3.370538188,3.332011025,1.1,PLTZERO
306550:6380,472:472,1510450959,STABLE BEAMS,2510,3.366954504,3.328144287,1.1,PLTZERO
306550:6380,473:473,1510450983,STABLE BEAMS,2510,3.366496645,3.327379991,1.1,PLTZERO
306550:6380,474:474,1510451006,STABLE BEAMS,2510,3.360329567,3.321472192,1.1,PLTZERO
306550:6380,475:475,1510451029,STABLE BEAMS,2510,3.366976488,3.328008971,1.1,PLTZERO
306550:6380,476:476,1510451053,STABLE BEAMS,2510,3.358178235,3.319484321,1.1,PLTZERO
306550:6380,477:477,1510451076,STABLE BEAMS,2510,3.350520480,3.312085023,1.1,PLTZERO
306550:6380,478:478,1510451099,STABLE BEAMS,2510,3.373918852,3.334567363,1.1,PLTZERO
306550:6380,479:479,1510451123,STABLE BEAMS,2510,3.354108202,3.315340214,1.1,PLTZERO
306550:6380,480:480,1510451146,STABLE BEAMS,2510,3.365081566,3.326028036,1.1,PLTZERO
306550:6380,481:481,1510451169,STABLE BEAMS,2510,3.354262766,3.315733197,1.1,PLTZERO
306550:6380,482:482,1510451193,STABLE BEAMS,2510,3.369434480,3.330595681,1.1,PLTZERO
306550:6380,483:483,1510451216,STABLE BEAMS,2510,3.362519036,3.323343069,1.1,PLTZERO
306550:6380,484:484,1510451239,STABLE BEAMS,2510,3.353618488,3.315000953,1.1,PLTZERO
306550:6380,485:485,1510451262,STABLE BEAMS,2510,3.348158501,3.309370456,1.1,PLTZERO
306550:6380,486:486,1510451286,STABLE BEAMS,2510,3.342767160,3.256882516,1.1,PLTZERO
306550:6380,487:487,1510451309,STABLE BEAMS,2510,3.338550415,3.300062977,1.1,PLTZERO
306550:6380,488:488,1510451332,STABLE BEAMS,2510,3.344848501,3.305714276,1.1,PLTZERO
306550:6380,489:489,1510451356,STABLE BEAMS,2510,3.336628124,3.298382698,1.1,PLTZERO
306550:6380,490:490,1510451379,STABLE BEAMS,2510,3.343274148,3.304542108,1.1,PLTZERO
306550:6380,491:491,1510451402,STABLE BEAMS,2510,3.348152220,3.309573249,1.1,PLTZERO
306550:6380,492:492,1510451426,STABLE BEAMS,2510,3.349425970,3.310934539,1.1,PLTZERO
306550:6380,493:493,1510451449,STABLE BEAMS,2510,3.352450622,3.313570419,1.1,PLTZERO
306550:6380,494:494,1510451472,STABLE BEAMS,2510,3.350971834,3.312316794,1.1,PLTZERO
306550:6380,495:495,1510451496,STABLE BEAMS,2510,3.341841796,3.303030739,1.1,PLTZERO
306550:6380,496:496,1510451519,STABLE BEAMS,2510,3.351235871,3.312861358,1.1,PLTZERO
306550:6380,497:497,1510451542,STABLE BEAMS,2510,3.358682755,3.320003413,1.1,PLTZERO
306550:6380,498:498,1510451566,STABLE BEAMS,2510,3.341133135,3.302254997,1.1,PLTZERO
306550:6380,499:499,1510451589,STABLE BEAMS,2510,3.347636035,3.308907446,1.1,PLTZERO
306550:6380,500:500,1510451612,STABLE BEAMS,2510,3.339994432,3.301192667,1.1,PLTZERO
306550:6380,501:501,1510451635,STABLE BEAMS,2510,3.344428105,3.306115310,1.1,PLTZERO
306550:6380,502:502,1510451659,STABLE BEAMS,2510,3.341526611,3.302961406,1.1,PLTZERO
306550:6380,503:503,1510451682,STABLE BEAMS,2510,3.342912078,3.304060771,1.1,PLTZERO
306550:6380,504:504,1510451705,STABLE BEAMS,2510,3.323308933,3.285373489,1.1,PLTZERO
306550:6380,505:505,1510451729,STABLE BEAMS,2510,3.336543776,3.297923843,1.1,PLTZERO
306550:6380,506:506,1510451752,STABLE BEAMS,2510,3.341154670,3.302921087,1.1,PLTZERO
306550:6380,507:507,1510451775,STABLE BEAMS,2510,3.329998253,3.291872703,1.1,PLTZERO
306550:6380,508:508,1510451799,STABLE BEAMS,2510,3.342665314,3.303658063,1.1,PLTZERO
306550:6380,509:509,1510451822,STABLE BEAMS,2510,3.331446532,3.292909281,1.1,PLTZERO
306550:6380,510:510,1510451845,STABLE BEAMS,2510,3.319389426,3.280609475,1.1,PLTZERO
306550:6380,511:511,1510451869,STABLE BEAMS,2510,3.357422016,3.318676271,1.1,PLTZERO
306550:6380,512:512,1510451892,STABLE BEAMS,2510,3.340357175,3.301816473,1.1,PLTZERO
306550:6380,513:513,1510451915,STABLE BEAMS,2510,3.349743623,3.310723468,1.1,PLTZERO
306550:6380,514:514,1510451938,STABLE BEAMS,2510,3.339967063,3.301572749,1.1,PLTZERO
306550:6380,515:515,1510451962,STABLE BEAMS,2510,3.348687698,3.309740231,1.1,PLTZERO
306550:6380,516:516,1510451985,STABLE BEAMS,2510,3.318644199,3.280533554,1.1,PLTZERO
306550:6380,517:517,1510452008,STABLE BEAMS,2510,3.341758793,3.303684597,1.1,PLTZERO
306550:6380,518:518,1510452032,STABLE BEAMS,2510,3.353255970,3.314226880,1.1,PLTZERO
306550:6380,519:519,1510452055,STABLE BEAMS,2510,3.347759866,3.309044358,1.1,PLTZERO
306550:6380,520:520,1510452078,STABLE BEAMS,2510,3.337632453,3.298515522,1.1,PLTZERO
306550:6380,521:521,1510452102,STABLE BEAMS,2510,3.331302736,3.293328031,1.1,PLTZERO
306550:6380,522:522,1510452125,STABLE BEAMS,2510,3.331360838,3.292757572,1.1,PLTZERO
306550:6380,523:523,1510452148,STABLE BEAMS,2510,3.337873609,3.299042657,1.1,PLTZERO
306550:6380,524:524,1510452172,STABLE BEAMS,2510,3.343091991,3.304506400,1.1,PLTZERO
306550:6380,525:525,1510452195,STABLE BEAMS,2510,3.333729546,3.294575696,1.1,PLTZERO
306550:6380,526:526,1510452218,STABLE BEAMS,2510,3.343005848,3.304507624,1.1,PLTZERO
306550:6380,527:527,1510452242,STABLE BEAMS,2510,3.317887980,3.278879913,1.1,PLTZERO
306550:6380,528:528,1510452265,STABLE BEAMS,2510,3.341985143,3.302736648,1.1,PLTZERO
306550:6380,529:529,1510452288,STABLE BEAMS,2510,3.338448344,3.299902458,1.1,PLTZERO
306550:6380,530:530,1510452311,STABLE BEAMS,2510,3.327020262,3.286886040,1.1,PLTZERO
306550:6380,531:531,1510452335,STABLE BEAMS,2510,3.332453329,3.294250553,1.1,PLTZERO
306550:6380,532:532,1510452358,STABLE BEAMS,2510,3.328412010,3.289933526,1.1,PLTZERO
306550:6380,533:533,1510452381,STABLE BEAMS,2510,3.321405711,3.282602779,1.1,PLTZERO
306550:6380,534:534,1510452405,STABLE BEAMS,2510,3.312907613,3.274653749,1.1,PLTZERO
306550:6380,535:535,1510452428,STABLE BEAMS,2510,3.322542395,3.283839675,1.1,PLTZERO
306550:6380,536:536,1510452451,STABLE BEAMS,2510,3.337677095,3.299112334,1.1,PLTZERO
306550:6380,537:537,1510452475,STABLE BEAMS,2510,3.334770890,3.199733079,1.1,PLTZERO
306550:6380,538:538,1510452498,STABLE BEAMS,2510,3.316015267,3.277498401,1.1,PLTZERO
306550:6380,539:539,1510452521,STABLE BEAMS,2510,3.329269851,3.290971952,1.1,PLTZERO
306550:6380,540:540,1510452545,STABLE BEAMS,2510,3.332220249,3.293583337,1.1,PLTZERO
306550:6380,541:541,1510452568,STABLE BEAMS,2510,3.317627308,3.277861237,1.1,PLTZERO
306550:6380,542:542,1510452591,STABLE BEAMS,2510,3.316060582,3.231130045,1.1,PLTZERO
306550:6380,543:543,1510452615,STABLE BEAMS,2510,3.326067529,3.193382819,1.1,PLTZERO
306550:6380,544:544,1510452638,STABLE BEAMS,2510,3.316392816,3.274158486,1.1,PLTZERO
306550:6380,545:545,1510452661,STABLE BEAMS,2510,3.330345068,3.291942406,1.1,PLTZERO
306550:6380,546:546,1510452684,STABLE BEAMS,2510,3.322035632,3.283935004,1.1,PLTZERO
306550:6380,547:547,1510452708,STABLE BEAMS,2510,3.332218006,3.293369646,1.1,PLTZERO
306550:6380,548:548,1510452731,STABLE BEAMS,2510,3.314378998,3.273956475,1.1,PLTZERO
306550:6380,549:549,1510452754,STABLE BEAMS,2510,3.306642279,3.268117892,1.1,PLTZERO
306550:6380,550:550,1510452778,STABLE BEAMS,2510,3.321972595,3.283695853,1.1,PLTZERO
306550:6380,551:551,1510452801,STABLE BEAMS,2510,3.324138957,3.281242270,1.1,PLTZERO
306550:6380,552:552,1510452824,STABLE BEAMS,2510,3.316327087,3.277678368,1.1,PLTZERO
306550:6380,553:553,1510452848,STABLE BEAMS,2510,3.328355254,3.290020552,1.1,PLTZERO
306550:6380,554:554,1510452871,STABLE BEAMS,2510,3.315272508,3.277157471,1.1,PLTZERO
306550:6380,555:555,1510452894,STABLE BEAMS,2510,3.315797218,3.277148349,1.1,PLTZERO
306550:6380,556:556,1510452918,STABLE BEAMS,2510,3.323149210,3.284677978,1.1,PLTZERO
306550:6380,557:557,1510452941,STABLE BEAMS,2510,3.313957705,3.275546910,1.1,PLTZERO
306550:6380,558:558,1510452964,STABLE BEAMS,2510,3.320899621,3.282832175,1.1,PLTZERO
306550:6380,559:559,1510452987,STABLE BEAMS,2510,3.316426690,3.278234550,1.1,PLTZERO
306550:6380,560:560,1510453011,STABLE BEAMS,2510,3.304532897,3.265904166,1.1,PLTZERO
306550:6380,561:561,1510453034,STABLE BEAMS,2510,3.319820814,3.281606858,1.1,PLTZERO
306550:6380,562:562,1510453057,STABLE BEAMS,2510,3.325666425,3.286648217,1.1,PLTZERO
306550:6380,563:563,1510453081,STABLE BEAMS,2510,3.336066176,3.297833553,1.1,PLTZERO
306550:6380,564:564,1510453104,STABLE BEAMS,2510,3.313530131,3.275568420,1.1,PLTZERO
306550:6380,565:565,1510453127,STABLE BEAMS,2510,3.324638991,3.285948744,1.1,PLTZERO
306550:6380,566:566,1510453151,STABLE BEAMS,2510,3.306408078,3.268561215,1.1,PLTZERO
306550:6380,567:567,1510453174,STABLE BEAMS,2510,3.316125189,3.277676047,1.1,PLTZERO
306550:6380,568:568,1510453197,STABLE BEAMS,2510,3.322030024,3.283992823,1.1,PLTZERO
306550:6380,569:569,1510453221,STABLE BEAMS,2510,3.305724542,3.267697494,1.1,PLTZERO
306550:6380,570:570,1510453244,STABLE BEAMS,2510,3.324105756,3.285241886,1.1,PLTZERO
306550:6380,571:571,1510453267,STABLE BEAMS,2510,3.318862249,3.280709394,1.1,PLTZERO
306550:6380,572:572,1510453290,STABLE BEAMS,2510,3.304827667,3.266241332,1.1,PLTZERO
306550:6380,573:573,1510453314,STABLE BEAMS,2510,3.297061112,3.258959357,1.1,PLTZERO
306550:6380,574:574,1510453337,STABLE BEAMS,2510,3.308699392,3.270568704,1.1,PLTZERO
306550:6380,575:575,1510453360,STABLE BEAMS,2510,3.298167960,3.259606767,1.1,PLTZERO
306550:6380,576:576,1510453384,STABLE BEAMS,2510,3.293236721,3.255323059,1.1,PLTZERO
306550:6380,577:577,1510453407,STABLE BEAMS,2510,3.307958652,3.269476290,1.1,PLTZERO
306550:6380,578:578,1510453430,STABLE BEAMS,2510,3.302587276,3.264411921,1.1,PLTZERO
306550:6380,579:579,1510453454,STABLE BEAMS,2510,3.276628168,3.238882988,1.1,PLTZERO
306550:6380,580:580,1510453477,STABLE BEAMS,2510,3.291844300,3.253559103,1.1,PLTZERO
306550:6380,581:581,1510453500,STABLE BEAMS,2510,3.306601675,3.268380490,1.1,PLTZERO
306550:6380,582:582,1510453524,STABLE BEAMS,2510,3.292124713,3.253983532,1.1,PLTZERO
306550:6380,583:583,1510453547,STABLE BEAMS,2510,3.293284503,3.255438246,1.1,PLTZERO
306550:6380,584:584,1510453570,STABLE BEAMS,2510,3.298406199,3.260487356,1.1,PLTZERO
306550:6380,585:585,1510453594,STABLE BEAMS,2510,3.302028692,3.263538590,1.1,PLTZERO
306550:6380,586:586,1510453617,STABLE BEAMS,2510,3.293883242,3.255890173,1.1,PLTZERO
306550:6380,587:587,1510453640,STABLE BEAMS,2510,3.301322948,3.263047722,1.1,PLTZERO
306550:6380,588:588,1510453663,STABLE BEAMS,2510,3.311686805,3.273832920,1.1,PLTZERO
306550:6380,589:589,1510453687,STABLE BEAMS,2510,3.305316260,3.267417130,1.1,PLTZERO
306550:6380,590:590,1510453710,STABLE BEAMS,2510,3.303198802,3.264544427,1.1,PLTZERO
306550:6380,591:591,1510453733,STABLE BEAMS,2510,3.293776685,3.255882507,1.1,PLTZERO
306550:6380,592:592,1510453757,STABLE BEAMS,2510,3.298709943,3.260339748,1.1,PLTZERO
306550:6380,593:593,1510453780,STABLE BEAMS,2510,3.313285835,3.275039095,1.1,PLTZERO
306550:6380,594:594,1510453803,STABLE BEAMS,2510,3.303442425,3.265378048,1.1,PLTZERO
306550:6380,595:595,1510453827,STABLE BEAMS,2510,3.299154791,3.260560897,1.1,PLTZERO
306550:6380,596:596,1510453850,STABLE BEAMS,2510,3.314879705,3.276713428,1.1,PLTZERO
306550:6380,597:597,1510453873,STABLE BEAMS,2510,3.301587434,3.263206666,1.1,PLTZERO
306550:6380,598:598,1510453897,STABLE BEAMS,2510,3.307476341,3.269328778,1.1,PLTZERO
306550:6380,599:599,1510453920,STABLE BEAMS,2510,3.306804470,3.268840686,1.1,PLTZERO
306550:6380,600:600,1510453943,STABLE BEAMS,2510,3.314367333,3.275719614,1.1,PLTZERO
306550:6380,601:601,1510453966,STABLE BEAMS,2510,3.316611090,3.278505967,1.1,PLTZERO
306550:6380,602:602,1510453990,STABLE BEAMS,2510,3.300669248,3.262086825,1.1,PLTZERO
306550:6380,603:603,1510454013,STABLE BEAMS,2510,3.293969609,3.255909290,1.1,PLTZERO
306550:6380,604:604,1510454036,STABLE BEAMS,2510,3.297788616,3.259779092,1.1,PLTZERO
306550:6380,605:605,1510454060,STABLE BEAMS,2510,3.306836101,3.268345008,1.1,PLTZERO
306550:6380,606:606,1510454083,STABLE BEAMS,2510,3.302655921,3.264602896,1.1,PLTZERO
306550:6380,607:607,1510454106,STABLE BEAMS,2510,3.314964726,3.276576747,1.1,PLTZERO
306550:6380,608:608,1510454130,STABLE BEAMS,2510,3.293049629,3.255201502,1.1,PLTZERO
306550:6380,609:609,1510454153,STABLE BEAMS,2510,3.317022961,3.278685919,1.1,PLTZERO
306550:6380,610:610,1510454176,STABLE BEAMS,2510,3.309516405,3.271080191,1.1,PLTZERO
306550:6380,611:611,1510454200,STABLE BEAMS,2510,3.300596789,3.262661920,1.1,PLTZERO
306550:6380,612:612,1510454223,STABLE BEAMS,2510,3.311523492,3.272819360,1.1,PLTZERO
306550:6380,613:613,1510454246,STABLE BEAMS,2510,3.286933923,3.249112773,1.1,PLTZERO
306550:6380,614:614,1510454270,STABLE BEAMS,2510,3.124830939,3.088981767,1.0,PLTZERO
306550:6380,615:615,1510454293,STABLE BEAMS,2510,3.208983916,3.171674654,1.0,PLTZERO
306550:6380,616:616,1510454316,STABLE BEAMS,2510,3.232289640,3.195292855,1.0,PLTZERO
306550:6380,617:617,1510454340,STABLE BEAMS,2510,3.221926456,3.184409173,1.0,PLTZERO
306550:6380,618:618,1510454363,STABLE BEAMS,2510,3.318234347,3.279779737,1.1,PLTZERO
306550:6380,619:619,1510454386,STABLE BEAMS,2510,3.334838189,3.296442696,1.1,PLTZERO
306550:6380,620:620,1510454409,STABLE BEAMS,2510,3.338599094,3.205779168,1.1,PLTZERO
306550:6380,621:621,1510454433,STABLE BEAMS,2510,3.334007268,3.248262127,1.1,PLTZERO
306550:6380,622:622,1510454456,STABLE BEAMS,2510,3.317297990,3.279394924,1.1,PLTZERO
306550:6380,623:623,1510454479,STABLE BEAMS,2510,3.320491339,3.282432027,1.1,PLTZERO
306550:6380,624:624,1510454503,STABLE BEAMS,2510,3.320237845,3.281694385,1.1,PLTZERO
306550:6380,625:625,1510454526,STABLE BEAMS,2510,3.336098479,3.297698890,1.1,PLTZERO
306550:6380,626:626,1510454549,STABLE BEAMS,2510,3.316379132,3.278059880,1.1,PLTZERO
306550:6380,627:627,1510454573,STABLE BEAMS,2510,3.326873325,3.288410321,1.1,PLTZERO
306550:6380,628:628,1510454596,STABLE BEAMS,2510,3.336077841,3.297766413,1.1,PLTZERO
306550:6380,629:629,1510454619,STABLE BEAMS,2510,3.318231655,3.279715514,1.1,PLTZERO
306550:6380,655:655,1510455225,STABLE BEAMS,2510,3.301686812,3.263825292,1.1,PLTZERO
306550:6380,656:656,1510455249,STABLE BEAMS,2510,3.306570044,3.268163464,1.1,PLTZERO
306550:6380,657:657,1510455272,STABLE BEAMS,2510,3.293038188,3.255001193,1.1,PLTZERO
306550:6380,658:658,1510455295,STABLE BEAMS,2510,3.297768202,3.259192814,1.1,PLTZERO
306550:6380,659:659,1510455319,STABLE BEAMS,2510,3.293843311,3.256059170,1.1,PLTZERO
306550:6380,660:660,1510455342,STABLE BEAMS,2510,3.291931789,3.254155303,1.1,PLTZERO
306550:6380,661:661,1510455365,STABLE BEAMS,2510,3.290396469,3.252282156,1.1,PLTZERO
306550:6380,662:662,1510455389,STABLE BEAMS,2510,3.297418695,3.259568382,1.1,PLTZERO
306550:6380,663:663,1510455412,STABLE BEAMS,2510,3.297675778,3.259315324,1.1,PLTZERO
306550:6380,664:664,1510455435,STABLE BEAMS,2510,3.294874335,3.256739005,1.1,PLTZERO
306550:6380,665:665,1510455458,STABLE BEAMS,2510,3.312080057,3.273894328,1.1,PLTZERO
306550:6380,666:666,1510455482,STABLE BEAMS,2510,3.291169513,3.252625659,1.1,PLTZERO
306550:6380,667:667,1510455505,STABLE BEAMS,2510,3.228039693,3.190900128,1.0,PLTZERO
306550:6380,668:668,1510455528,STABLE BEAMS,2510,3.189354525,3.152328233,1.0,PLTZERO
306550:6380,669:669,1510455552,STABLE BEAMS,2510,3.190603823,3.153934248,1.0,PLTZERO
306550:6380,670:670,1510455575,STABLE BEAMS,2510,3.208930525,3.172065901,1.0,PLTZERO
306550:6380,671:671,1510455598,STABLE BEAMS,2510,3.188806709,3.151933853,1.0,PLTZERO
306550:6380,672:672,1510455622,STABLE BEAMS,2510,3.287035545,3.249347733,1.1,PLTZERO
306550:6380,673:673,1510455645,STABLE BEAMS,2510,3.291094138,3.252943211,1.1,PLTZERO
306550:6380,674:674,1510455668,STABLE BEAMS,2510,3.303330484,3.265443239,1.1,PLTZERO
306550:6380,675:675,1510455692,STABLE BEAMS,2510,3.305142179,3.267383735,1.1,PLTZERO
306550:6380,676:676,1510455715,STABLE BEAMS,2510,3.296321044,3.257888899,1.1,PLTZERO
306550:6380,677:677,1510455738,STABLE BEAMS,2510,3.284661453,3.246597625,1.1,PLTZERO
306550:6380,678:678,1510455761,STABLE BEAMS,2510,3.305871927,3.267486067,1.1,PLTZERO
306550:6380,679:679,1510455785,STABLE BEAMS,2510,3.281095042,3.243411622,1.1,PLTZERO
306550:6380,680:680,1510455808,STABLE BEAMS,2510,3.301176460,3.262820506,1.1,PLTZERO
306550:6380,681:681,1510455831,STABLE BEAMS,2510,3.299071564,3.260705170,1.1,PLTZERO
306550:6380,682:682,1510455855,STABLE BEAMS,2510,3.291233671,3.253405845,1.1,PLTZERO
306550:6380,683:683,1510455878,STABLE BEAMS,2510,3.295498199,3.256863651,1.1,PLTZERO
306550:6380,684:684,1510455901,STABLE BEAMS,2510,3.287805897,3.250009489,1.1,PLTZERO
306550:6380,685:685,1510455925,STABLE BEAMS,2510,3.287195717,3.249445651,1.1,PLTZERO
306550:6380,686:686,1510455948,STABLE BEAMS,2510,3.298872583,3.260246523,1.1,PLTZERO
306550:6380,687:687,1510455971,STABLE BEAMS,2510,3.303496937,3.265547638,1.1,PLTZERO
306550:6380,688:688,1510455995,STABLE BEAMS,2510,3.299284903,3.260937195,1.1,PLTZERO
306550:6380,689:689,1510456018,STABLE BEAMS,2510,3.295534765,3.257395219,1.1,PLTZERO
306550:6380,690:690,1510456041,STABLE BEAMS,2510,3.296602355,3.258633371,1.1,PLTZERO
306550:6380,691:691,1510456065,STABLE BEAMS,2510,3.286400689,3.248205015,1.1,PLTZERO
306550:6380,692:692,1510456088,STABLE BEAMS,2510,3.287667934,3.249919284,1.1,PLTZERO
306550:6380,693:693,1510456111,STABLE BEAMS,2510,3.282783131,3.244657394,1.1,PLTZERO
306550:6380,694:694,1510456134,STABLE BEAMS,2510,3.294645518,3.256681361,1.1,PLTZERO
306550:6380,695:695,1510456158,STABLE BEAMS,2510,3.277994118,3.239978567,1.1,PLTZERO
306550:6380,696:696,1510456181,STABLE BEAMS,2510,3.297078834,3.258692167,1.1,PLTZERO
306550:6380,697:697,1510456204,STABLE BEAMS,2510,3.283142509,3.105876194,1.1,PLTZERO
306550:6380,698:698,1510456228,STABLE BEAMS,2510,3.281255663,3.243249510,1.1,PLTZERO
306550:6380,699:699,1510456251,STABLE BEAMS,2510,3.289136852,3.251286359,1.1,PLTZERO
306550:6380,700:700,1510456274,STABLE BEAMS,2510,3.280890452,3.242739479,1.1,PLTZERO
306550:6380,701:701,1510456298,STABLE BEAMS,2510,3.280434164,3.242768572,1.1,PLTZERO
306550:6380,702:702,1510456321,STABLE BEAMS,2510,3.289232865,3.250640969,1.1,PLTZERO
306550:6380,703:703,1510456344,STABLE BEAMS,2510,3.280088246,3.242451082,1.1,PLTZERO
306550:6380,704:704,1510456368,STABLE BEAMS,2510,3.270217243,3.232578235,1.1,PLTZERO
306550:6380,705:705,1510456391,STABLE BEAMS,2510,3.276551895,3.238536024,1.1,PLTZERO
306550:6380,706:706,1510456414,STABLE BEAMS,2510,3.291110962,3.253149870,1.1,PLTZERO
306550:6380,707:707,1510456437,STABLE BEAMS,2510,3.275153193,3.237183646,1.1,PLTZERO
306550:6380,708:708,1510456461,STABLE BEAMS,2510,3.289207516,3.251319141,1.1,PLTZERO
306550:6380,709:709,1510456484,STABLE BEAMS,2510,3.278279691,3.240667829,1.1,PLTZERO
306550:6380,710:710,1510456507,STABLE BEAMS,2510,3.296048034,3.257524774,1.1,PLTZERO
306550:6380,711:711,1510456531,STABLE BEAMS,2510,3.281483807,3.243996208,1.1,PLTZERO
306550:6380,712:712,1510456554,STABLE BEAMS,2510,3.281438268,3.243239386,1.1,PLTZERO
306550:6380,713:713,1510456577,STABLE BEAMS,2510,3.276448928,3.238808643,1.1,PLTZERO
306550:6380,714:714,1510456601,STABLE BEAMS,2510,3.287439565,3.249715199,1.1,PLTZERO
306550:6380,715:715,1510456624,STABLE BEAMS,2510,3.279971369,3.241700274,1.1,PLTZERO
306550:6380,716:716,1510456647,STABLE BEAMS,2510,3.276480782,3.238838997,1.1,PLTZERO
306550:6380,717:717,1510456671,STABLE BEAMS,2510,3.292022867,3.253868024,1.1,PLTZERO
306550:6380,718:718,1510456694,STABLE BEAMS,2510,3.276682905,3.238921186,1.1,PLTZERO
306550:6380,719:719,1510456717,STABLE BEAMS,2510,3.267678940,3.230256694,1.1,PLTZERO
306550:6380,720:720,1510456741,STABLE BEAMS,2510,3.272701258,3.234482079,1.1,PLTZERO
306550:6380,721:721,1510456764,STABLE BEAMS,2510,3.276912844,3.239104156,1.1,PLTZERO
306550:6380,722:722,1510456787,STABLE BEAMS,2510,3.274316215,3.236147442,1.1,PLTZERO
306550:6380,723:723,1510456810,STABLE BEAMS,2510,3.261801474,3.224100968,1.1,PLTZERO
306550:6380,724:724,1510456834,STABLE BEAMS,2510,3.279628368,3.241798584,1.1,PLTZERO
306550:6380,725:725,1510456857,STABLE BEAMS,2510,3.267292418,3.229169263,1.1,PLTZERO
306550:6380,726:726,1510456880,STABLE BEAMS,2510,3.273391972,3.235575094,1.1,PLTZERO
306550:6380,727:727,1510456904,STABLE BEAMS,2510,3.266762101,3.228583390,1.1,PLTZERO
306550:6380,728:728,1510456927,STABLE BEAMS,2510,3.268442787,3.230956818,1.1,PLTZERO
306550:6380,729:729,1510456950,STABLE BEAMS,2510,3.280484414,3.242784115,1.1,PLTZERO
306550:6380,730:730,1510456974,STABLE BEAMS,2510,3.274888258,3.236437410,1.1,PLTZERO
306550:6380,731:731,1510456997,STABLE BEAMS,2510,3.276829617,3.239159959,1.1,PLTZERO
306550:6380,732:732,1510457020,STABLE BEAMS,2510,3.271169527,3.232977879,1.1,PLTZERO
306550:6380,733:733,1510457044,STABLE BEAMS,2510,3.277293982,3.239605916,1.1,PLTZERO
306550:6380,734:734,1510457067,STABLE BEAMS,2510,3.272534131,3.234734540,1.1,PLTZERO
306550:6380,735:735,1510457090,STABLE BEAMS,2510,3.273110437,3.234943234,1.1,PLTZERO
306550:6380,736:736,1510457113,STABLE BEAMS,2510,3.259671454,3.221848045,1.1,PLTZERO
306550:6380,737:737,1510457137,STABLE BEAMS,2510,3.266895802,3.228808429,1.1,PLTZERO
306550:6380,738:738,1510457160,STABLE BEAMS,2510,3.278947972,3.241458072,1.1,PLTZERO
306550:6380,739:739,1510457183,STABLE BEAMS,2510,3.262402232,3.224817535,1.1,PLTZERO
306550:6380,740:740,1510457207,STABLE BEAMS,2510,3.267093437,3.229168046,1.1,PLTZERO
306550:6380,741:741,1510457230,STABLE BEAMS,2510,3.264539880,3.227023389,1.1,PLTZERO
306550:6380,742:742,1510457253,STABLE BEAMS,2510,3.268822354,3.231037296,1.1,PLTZERO
306550:6380,743:743,1510457277,STABLE BEAMS,2510,3.274696007,3.236827155,1.1,PLTZERO
306550:6380,744:744,1510457300,STABLE BEAMS,2510,3.247729205,3.210439128,1.1,PLTZERO
306550:6380,745:745,1510457323,STABLE BEAMS,2510,3.253195922,3.215932767,1.1,PLTZERO
306550:6380,746:746,1510457347,STABLE BEAMS,2510,3.253440666,3.216214198,1.1,PLTZERO
306550:6380,747:747,1510457370,STABLE BEAMS,2510,3.263616310,3.225955943,1.1,PLTZERO
306550:6380,748:748,1510457393,STABLE BEAMS,2510,3.255808702,3.218108585,1.1,PLTZERO
306550:6380,749:749,1510457417,STABLE BEAMS,2510,3.263502799,3.226173647,1.1,PLTZERO
306550:6380,750:750,1510457440,STABLE BEAMS,2510,3.262648323,3.224767179,1.1,PLTZERO
306550:6380,751:751,1510457463,STABLE BEAMS,2510,3.270678018,3.233134089,1.1,PLTZERO
306550:6380,752:752,1510457487,STABLE BEAMS,2510,3.256467786,3.218914753,1.1,PLTZERO
306550:6380,753:753,1510457510,STABLE BEAMS,2510,3.273260963,3.235782734,1.1,PLTZERO
306550:6380,754:754,1510457533,STABLE BEAMS,2510,3.258289352,3.221236783,1.1,PLTZERO
306550:6380,755:755,1510457556,STABLE BEAMS,2510,3.266040877,3.228317421,1.1,PLTZERO
306550:6380,756:756,1510457580,STABLE BEAMS,2510,3.271038967,3.233630989,1.1,PLTZERO
306550:6380,757:757,1510457603,STABLE BEAMS,2510,3.267999509,3.230201297,1.1,PLTZERO
306550:6380,758:758,1510457626,STABLE BEAMS,2510,3.259225484,3.222058284,1.1,PLTZERO
306550:6380,759:759,1510457650,STABLE BEAMS,2510,3.254609878,3.217292154,1.1,PLTZERO
306550:6380,760:760,1510457673,STABLE BEAMS,2510,3.258074891,3.219976808,1.1,PLTZERO
306550:6380,761:761,1510457696,STABLE BEAMS,2510,3.265037221,3.227247230,1.1,PLTZERO
306550:6380,762:762,1510457720,STABLE BEAMS,2510,3.262156590,3.224526076,1.1,PLTZERO
306550:6380,763:763,1510457743,STABLE BEAMS,2510,3.269333604,3.231811340,1.1,PLTZERO
306550:6380,764:764,1510457766,STABLE BEAMS,2510,3.256810115,3.219551869,1.1,PLTZERO
306550:6380,765:765,1510457790,STABLE BEAMS,2510,3.253848948,3.215878704,1.1,PLTZERO
306550:6380,766:766,1510457813,STABLE BEAMS,2510,3.261533399,3.223998864,1.1,PLTZERO
306550:6380,767:767,1510457836,STABLE BEAMS,2510,3.249494015,3.211678263,1.1,PLTZERO
306550:6380,768:768,1510457860,STABLE BEAMS,2510,3.252769469,3.215486382,1.1,PLTZERO
306550:6380,769:769,1510457883,STABLE BEAMS,2510,3.252980788,3.215570625,1.1,PLTZERO
306550:6380,770:770,1510457906,STABLE BEAMS,2510,3.147045518,3.110397992,1.0,PLTZERO
306550:6380,771:771,1510457929,STABLE BEAMS,2510,3.158098519,3.121933402,1.0,PLTZERO
306550:6380,772:772,1510457953,STABLE BEAMS,2510,3.185754465,3.148848959,1.0,PLTZERO
306550:6380,773:773,1510457976,STABLE BEAMS,2510,3.177494382,3.141268586,1.0,PLTZERO
306550:6380,774:774,1510457999,STABLE BEAMS,2510,3.149159835,3.068259307,1.0,PLTZERO
306550:6380,775:775,1510458023,STABLE BEAMS,2510,3.255641800,3.217786116,1.1,PLTZERO
306550:6380,776:776,1510458046,STABLE BEAMS,2510,3.244742914,3.115542665,1.0,PLTZERO
306550:6380,777:777,1510458069,STABLE BEAMS,2510,3.267954194,3.061992947,1.1,PLTZERO
306550:6380,778:778,1510458093,STABLE BEAMS,2510,3.248803301,3.212286734,1.1,PLTZERO
306550:6380,779:779,1510458116,STABLE BEAMS,2510,3.237254977,3.200345621,1.0,PLTZERO
306550:6380,780:780,1510458139,STABLE BEAMS,2510,3.245298805,3.208078839,1.0,PLTZERO
306550:6380,781:781,1510458162,STABLE BEAMS,2510,3.232401357,3.192899055,1.0,PLTZERO
306550:6380,782:782,1510458186,STABLE BEAMS,2510,3.237499273,3.200488331,1.0,PLTZERO
306550:6380,783:783,1510458209,STABLE BEAMS,2510,3.224571315,3.187487868,1.0,PLTZERO
306550:6380,784:784,1510458232,STABLE BEAMS,2510,3.234379281,3.196621652,1.0,PLTZERO
306550:6380,785:785,1510458256,STABLE BEAMS,2510,3.248189980,3.211071464,1.1,PLTZERO
306550:6380,786:786,1510458279,STABLE BEAMS,2510,3.237629834,1.941597264,1.0,PLTZERO
306550:6380,787:787,1510458302,STABLE BEAMS,2510,3.245175872,3.207880788,1.0,PLTZERO
306550:6380,788:788,1510458326,STABLE BEAMS,2510,3.237990558,3.200894833,1.0,PLTZERO
306550:6380,789:789,1510458349,STABLE BEAMS,2510,3.238553852,3.200837899,1.0,PLTZERO
306550:6380,790:790,1510458372,STABLE BEAMS,2510,3.231872609,3.194919266,1.0,PLTZERO
306550:6380,791:791,1510458396,STABLE BEAMS,2510,3.218600752,3.181372218,1.0,PLTZERO
306550:6380,792:792,1510458419,STABLE BEAMS,2510,3.237008213,3.199887820,1.0,PLTZERO
306550:6380,793:793,1510458442,STABLE BEAMS,2510,3.239164032,3.202219428,1.0,PLTZERO
306550:6380,794:794,1510458466,STABLE BEAMS,2510,3.233457057,3.195647961,1.0,PLTZERO
306550:6380,795:795,1510458489,STABLE BEAMS,2510,3.235515068,3.198514466,1.0,PLTZERO
306550:6380,796:796,1510458512,STABLE BEAMS,2510,3.223070318,3.185629693,1.0,PLTZERO
306550:6380,797:797,1510458536,STABLE BEAMS,2510,3.234257245,3.197312526,1.0,PLTZERO
306550:6380,798:798,1510458559,STABLE BEAMS,2510,3.234980936,3.199044358,1.0,PLTZERO
306550:6380,799:799,1510458582,STABLE BEAMS,2510,3.235464369,3.197982436,1.0,PLTZERO
306550:6380,800:800,1510458605,STABLE BEAMS,2510,3.231443240,3.193905351,1.0,PLTZERO
306550:6380,801:801,1510458629,STABLE BEAMS,2510,3.225327983,3.188118391,1.0,PLTZERO
306550:6380,802:802,1510458652,STABLE BEAMS,2510,3.226579076,3.189248190,1.0,PLTZERO
306550:6380,803:803,1510458675,STABLE BEAMS,2510,3.254179163,3.216909826,1.1,PLTZERO
306550:6380,804:804,1510458699,STABLE BEAMS,2510,3.232907895,3.195117553,1.0,PLTZERO
306550:6380,805:805,1510458722,STABLE BEAMS,2510,3.236085092,3.199115006,1.0,PLTZERO
306550:6380,806:806,1510458745,STABLE BEAMS,2510,3.216393113,3.178946397,1.0,PLTZERO
306550:6380,807:807,1510458769,STABLE BEAMS,2510,3.236466230,3.199495157,1.0,PLTZERO
306550:6380,808:808,1510458792,STABLE BEAMS,2510,3.228977396,3.191997247,1.0,PLTZERO
306550:6380,809:809,1510458815,STABLE BEAMS,2510,3.211121340,3.173697580,1.0,PLTZERO
306550:6380,810:810,1510458839,STABLE BEAMS,2510,3.218767205,3.181838133,1.0,PLTZERO
306550:6380,811:811,1510458862,STABLE BEAMS,2510,3.221132549,3.183761910,1.0,PLTZERO
306550:6380,812:812,1510458885,STABLE BEAMS,2510,3.223519204,3.186500397,1.0,PLTZERO
306550:6380,813:813,1510458908,STABLE BEAMS,2510,3.235936136,3.198726481,1.0,PLTZERO
306550:6380,814:814,1510458932,STABLE BEAMS,2510,3.223156012,3.185509843,1.0,PLTZERO
306550:6380,815:815,1510458955,STABLE BEAMS,2510,3.214439192,3.177373613,1.0,PLTZERO
306550:6380,816:816,1510458978,STABLE BEAMS,2510,3.212617626,3.175296197,1.0,PLTZERO
306550:6380,817:817,1510459002,STABLE BEAMS,2510,3.231001981,3.194088847,1.0,PLTZERO
306550:6380,818:818,1510459025,STABLE BEAMS,2510,3.226148136,3.189142212,1.0,PLTZERO
306550:6380,819:819,1510459048,STABLE BEAMS,2510,3.209754044,3.172464767,1.0,PLTZERO
306550:6380,820:820,1510459072,STABLE BEAMS,2510,3.210781927,3.173934447,1.0,PLTZERO
306550:6380,821:821,1510459095,STABLE BEAMS,2510,3.228055397,3.190513204,1.0,PLTZERO
306550:6380,822:822,1510459118,STABLE BEAMS,2510,3.226989601,3.189895690,1.0,PLTZERO
306550:6380,823:823,1510459142,STABLE BEAMS,2510,3.232515317,3.195197021,1.0,PLTZERO
306550:6380,824:824,1510459165,STABLE BEAMS,2510,3.212263408,3.174697673,1.0,PLTZERO
306550:6380,825:825,1510459188,STABLE BEAMS,2510,3.211687326,3.174502562,1.0,PLTZERO
306550:6380,826:826,1510459212,STABLE BEAMS,2510,3.222481226,3.185462604,1.0,PLTZERO
306550:6380,827:827,1510459235,STABLE BEAMS,2510,3.212201492,3.175457472,1.0,PLTZERO
306550:6380,828:828,1510459258,STABLE BEAMS,2510,3.213553310,3.176520234,1.0,PLTZERO
306550:6380,829:829,1510459281,STABLE BEAMS,2510,3.210722031,3.173255605,1.0,PLTZERO
306550:6380,830:830,1510459305,STABLE BEAMS,2510,3.212364805,3.175322030,1.0,PLTZERO
306550:6380,831:831,1510459328,STABLE BEAMS,2510,3.202730696,3.165572992,1.0,PLTZERO
306550:6380,832:832,1510459351,STABLE BEAMS,2510,3.217466536,3.180473722,1.0,PLTZERO
306550:6380,833:833,1510459375,STABLE BEAMS,2510,3.214915895,3.178066127,1.0,PLTZERO
306550:6380,834:834,1510459398,STABLE BEAMS,2510,3.221581659,3.179866547,1.0,PLTZERO
306550:6380,835:835,1510459421,STABLE BEAMS,2510,3.220410653,3.178800048,1.0,PLTZERO
306550:6380,836:836,1510459445,STABLE BEAMS,2510,3.221643126,3.184264328,1.0,PLTZERO
306550:6380,837:837,1510459468,STABLE BEAMS,2510,3.208730647,3.171964571,1.0,PLTZERO
306550:6380,838:838,1510459491,STABLE BEAMS,2510,3.213255174,3.167440180,1.0,PLTZERO
306550:6380,839:839,1510459515,STABLE BEAMS,2510,3.214799467,3.178050258,1.0,PLTZERO
306550:6380,840:840,1510459538,STABLE BEAMS,2510,3.199469151,3.162574525,1.0,PLTZERO
306550:6380,841:841,1510459561,STABLE BEAMS,2510,3.201816772,3.164488129,1.0,PLTZERO
306550:6380,842:842,1510459584,STABLE BEAMS,2510,3.210838459,3.169488495,1.0,PLTZERO
306550:6380,843:843,1510459608,STABLE BEAMS,2510,3.216788608,3.175147830,1.0,PLTZERO
306550:6380,844:844,1510459631,STABLE BEAMS,2510,3.210785517,3.173640699,1.0,PLTZERO
306550:6380,845:845,1510459654,STABLE BEAMS,2510,3.205457436,3.168594915,1.0,PLTZERO
306550:6380,846:846,1510459678,STABLE BEAMS,2510,3.211166879,3.174127340,1.0,PLTZERO
306550:6380,847:847,1510459701,STABLE BEAMS,2510,3.200951977,3.163851545,1.0,PLTZERO
306550:6380,848:848,1510459724,STABLE BEAMS,2510,3.207153826,3.170668858,1.0,PLTZERO
306550:6380,849:849,1510459748,STABLE BEAMS,2510,3.209308971,3.165149566,1.0,PLTZERO
306550:6380,850:850,1510459771,STABLE BEAMS,2510,3.197945048,3.161144522,1.0,PLTZERO
306550:6380,851:851,1510459794,STABLE BEAMS,2510,3.208746350,3.171741407,1.0,PLTZERO
306550:6380,852:852,1510459818,STABLE BEAMS,2510,3.197863840,3.024909752,1.0,PLTZERO
306550:6380,853:853,1510459841,STABLE BEAMS,2510,3.201022193,3.164223999,1.0,PLTZERO
306550:6380,854:854,1510459864,STABLE BEAMS,2510,3.188974733,3.152010357,1.0,PLTZERO
306550:6380,855:855,1510459888,STABLE BEAMS,2510,3.198480301,3.161866617,1.0,PLTZERO
306550:6380,856:856,1510459911,STABLE BEAMS,2510,3.211738474,3.174746918,1.0,PLTZERO
306550:6380,857:857,1510459934,STABLE BEAMS,2510,3.207052653,3.169550636,1.0,PLTZERO
306550:6380,858:858,1510459957,STABLE BEAMS,2510,3.199997225,3.163355633,1.0,PLTZERO
306550:6380,859:859,1510459981,STABLE BEAMS,2510,3.197314454,3.160577178,1.0,PLTZERO
306550:6380,860:860,1510460004,STABLE BEAMS,2510,3.191248325,3.154730154,1.0,PLTZERO
306550:6380,861:861,1510460027,STABLE BEAMS,2510,3.195963534,3.159210191,1.0,PLTZERO
306550:6380,862:862,1510460051,STABLE BEAMS,2510,3.203448779,3.166035011,1.0,PLTZERO
306550:6380,863:863,1510460074,STABLE BEAMS,2510,3.190819854,3.154083064,1.0,PLTZERO
306550:6380,864:864,1510460097,STABLE BEAMS,2510,3.184812051,3.147932374,1.0,PLTZERO
306550:6380,865:865,1510460121,STABLE BEAMS,2510,3.188913491,3.152429224,1.0,PLTZERO
306550:6380,866:866,1510460144,STABLE BEAMS,2510,3.197991035,3.161543763,1.0,PLTZERO
306550:6380,867:867,1510460167,STABLE BEAMS,2510,3.184418799,3.147371400,1.0,PLTZERO
306550:6380,868:868,1510460191,STABLE BEAMS,2510,3.196391333,3.159719534,1.0,PLTZERO
306550:6380,869:869,1510460214,STABLE BEAMS,2510,3.196577527,3.159409736,1.0,PLTZERO
306550:6380,870:870,1510460237,STABLE BEAMS,2510,3.191746564,3.155252577,1.0,PLTZERO
306550:6380,871:871,1510460260,STABLE BEAMS,2510,3.194284867,3.157566340,1.0,PLTZERO
306550:6380,872:872,1510460284,STABLE BEAMS,2510,3.205620974,3.168490324,1.0,PLTZERO
306550:6380,873:873,1510460307,STABLE BEAMS,2510,3.177984993,3.136948466,1.0,PLTZERO
306550:6380,874:874,1510460330,STABLE BEAMS,2510,3.194648507,3.158067053,1.0,PLTZERO
306550:6380,875:875,1510460354,STABLE BEAMS,2510,3.197331727,3.160609776,1.0,PLTZERO
306550:6380,876:876,1510460377,STABLE BEAMS,2510,3.196736129,3.159730010,1.0,PLTZERO
306550:6380,877:877,1510460400,STABLE BEAMS,2510,3.186592565,3.150789062,1.0,PLTZERO
306550:6380,878:878,1510460424,STABLE BEAMS,2510,3.187644676,3.150629390,1.0,PLTZERO
306550:6380,879:879,1510460447,STABLE BEAMS,2510,3.179927024,3.143519107,1.0,PLTZERO
306550:6380,880:880,1510460470,STABLE BEAMS,2510,3.179333445,3.142411913,1.0,PLTZERO
306550:6380,881:881,1510460494,STABLE BEAMS,2510,3.192267460,3.155240009,1.0,PLTZERO
306550:6380,882:882,1510460517,STABLE BEAMS,2510,3.189568088,3.152852343,1.0,PLTZERO
306550:6380,883:883,1510460540,STABLE BEAMS,2510,3.184753052,3.147827117,1.0,PLTZERO
306550:6380,884:884,1510460564,STABLE BEAMS,2510,3.188035684,3.151390649,1.0,PLTZERO
306550:6380,885:885,1510460587,STABLE BEAMS,2510,3.177033831,3.135592016,1.0,PLTZERO
306550:6380,886:886,1510460610,STABLE BEAMS,2510,3.173426367,3.136986676,1.0,PLTZERO
306550:6380,887:887,1510460634,STABLE BEAMS,2510,3.181587296,3.144923703,1.0,PLTZERO
306550:6380,888:888,1510460657,STABLE BEAMS,2510,3.181768780,3.145234400,1.0,PLTZERO
306550:6380,889:889,1510460680,STABLE BEAMS,2510,3.183185429,3.146721437,1.0,PLTZERO
306550:6380,890:890,1510460703,STABLE BEAMS,2510,3.189424292,3.152463554,1.0,PLTZERO
306550:6380,891:891,1510460727,STABLE BEAMS,2510,3.187248508,3.151012088,1.0,PLTZERO
306550:6380,892:892,1510460750,STABLE BEAMS,2510,3.177541491,3.140923967,1.0,PLTZERO
306550:6380,893:893,1510460773,STABLE BEAMS,2510,3.170607651,3.134144801,1.0,PLTZERO
306550:6380,894:894,1510460797,STABLE BEAMS,2510,3.185686493,3.149302670,1.0,PLTZERO
306550:6380,895:895,1510460820,STABLE BEAMS,2510,3.181264260,3.144382640,1.0,PLTZERO
306550:6380,896:896,1510460843,STABLE BEAMS,2510,3.166476151,3.130179961,1.0,PLTZERO
306550:6380,897:897,1510460867,STABLE BEAMS,2510,3.174269627,3.137370574,1.0,PLTZERO
306550:6380,898:898,1510460890,STABLE BEAMS,2510,3.181080085,3.144556368,1.0,PLTZERO
306550:6380,899:899,1510460913,STABLE BEAMS,2510,3.171816345,3.135171853,1.0,PLTZERO
306550:6380,900:900,1510460937,STABLE BEAMS,2510,3.180998428,3.144202625,1.0,PLTZERO
306550:6380,901:901,1510460960,STABLE BEAMS,2510,3.165701313,3.129344837,1.0,PLTZERO
306550:6380,902:902,1510460983,STABLE BEAMS,2510,3.187180311,3.150165443,1.0,PLTZERO
306550:6380,903:903,1510461006,STABLE BEAMS,2510,3.174293630,3.137949659,1.0,PLTZERO
306550:6380,904:904,1510461030,STABLE BEAMS,2510,3.175358304,3.139280742,1.0,PLTZERO
306550:6380,905:905,1510461053,STABLE BEAMS,2510,3.169846048,3.133138574,1.0,PLTZERO
306550:6380,906:906,1510461076,STABLE BEAMS,2510,3.179436413,3.142700023,1.0,PLTZERO
306550:6380,907:907,1510461100,STABLE BEAMS,2510,3.167507400,3.130987383,1.0,PLTZERO
306550:6380,908:908,1510461123,STABLE BEAMS,2510,3.164847959,3.128523236,1.0,PLTZERO
306550:6380,909:909,1510461146,STABLE BEAMS,2510,3.169681838,3.133385725,1.0,PLTZERO
306550:6380,910:910,1510461170,STABLE BEAMS,2510,3.184299680,3.148632366,1.0,PLTZERO
306550:6380,911:911,1510461193,STABLE BEAMS,2510,3.182427640,3.145890659,1.0,PLTZERO
306550:6380,912:912,1510461216,STABLE BEAMS,2510,3.183993693,3.147201334,1.0,PLTZERO
306550:6380,913:913,1510461240,STABLE BEAMS,2510,3.168148986,3.132014351,1.0,PLTZERO
306550:6380,914:914,1510461263,STABLE BEAMS,2510,3.170638609,3.134353530,1.0,PLTZERO
306550:6380,915:915,1510461286,STABLE BEAMS,2510,3.162561355,3.125795115,1.0,PLTZERO
306550:6380,916:916,1510461309,STABLE BEAMS,2510,3.161355577,3.125288012,1.0,PLTZERO
306550:6380,917:917,1510461333,STABLE BEAMS,2510,3.175107951,3.138322477,1.0,PLTZERO
306550:6380,918:918,1510461356,STABLE BEAMS,2510,3.180752337,3.144342691,1.0,PLTZERO
306550:6380,919:919,1510461379,STABLE BEAMS,2510,3.172347561,3.135907056,1.0,PLTZERO
306550:6380,920:920,1510461403,STABLE BEAMS,2510,3.156112070,3.119522046,1.0,PLTZERO
306550:6380,921:921,1510461426,STABLE BEAMS,2510,3.169414885,3.133087207,1.0,PLTZERO
306550:6380,922:922,1510461449,STABLE BEAMS,2510,3.156931550,3.120319436,1.0,PLTZERO
306550:6380,923:923,1510461473,STABLE BEAMS,2510,3.170257471,3.134805712,1.0,PLTZERO
306550:6380,924:924,1510461496,STABLE BEAMS,2510,3.153297840,3.117223239,1.0,PLTZERO
306550:6380,925:925,1510461519,STABLE BEAMS,2510,3.159648869,3.122947167,1.0,PLTZERO
306550:6380,926:926,1510461543,STABLE BEAMS,2510,3.173716203,3.137524677,1.0,PLTZERO
306550:6380,927:927,1510461566,STABLE BEAMS,2510,3.169810828,3.133384074,1.0,PLTZERO
306550:6380,928:928,1510461589,STABLE BEAMS,2510,3.157524008,3.121629913,1.0,PLTZERO
306550:6380,929:929,1510461613,STABLE BEAMS,2510,3.164983679,2.994428023,1.0,PLTZERO
306550:6380,930:930,1510461636,STABLE BEAMS,2510,3.165669907,3.129626124,1.0,PLTZERO
306550:6380,931:931,1510461659,STABLE BEAMS,2510,3.156095694,3.119835307,1.0,PLTZERO
306550:6380,932:932,1510461682,STABLE BEAMS,2510,3.171424440,3.135216152,1.0,PLTZERO
306550:6380,933:933,1510461706,STABLE BEAMS,2510,3.167538133,3.130740397,1.0,PLTZERO
306550:6380,934:934,1510461729,STABLE BEAMS,2510,3.151554566,3.115240885,1.0,PLTZERO
306550:6380,935:935,1510461752,STABLE BEAMS,2510,3.151269666,3.115054891,1.0,PLTZERO
306550:6380,936:936,1510461776,STABLE BEAMS,2510,3.160204760,3.123357967,1.0,PLTZERO
306550:6380,937:937,1510461799,STABLE BEAMS,2510,3.145734977,3.109483990,1.0,PLTZERO
306550:6380,938:938,1510461822,STABLE BEAMS,2510,3.149075262,3.112683670,1.0,PLTZERO
306550:6380,939:939,1510461846,STABLE BEAMS,2510,3.150600487,3.114444208,1.0,PLTZERO
306550:6380,940:940,1510461869,STABLE BEAMS,2510,3.156601560,3.120713574,1.0,PLTZERO
306550:6380,941:941,1510461892,STABLE BEAMS,2510,3.152361932,3.116065732,1.0,PLTZERO
306550:6380,942:942,1510461916,STABLE BEAMS,2510,3.144624764,3.107993978,1.0,PLTZERO
306550:6380,943:943,1510461939,STABLE BEAMS,2510,3.139422309,3.103131928,1.0,PLTZERO
306550:6380,944:944,1510461962,STABLE BEAMS,2510,3.156944113,3.120846408,1.0,PLTZERO
306550:6380,945:945,1510461986,STABLE BEAMS,2510,3.159695081,3.123542912,1.0,PLTZERO
306550:6380,946:946,1510462009,STABLE BEAMS,2510,3.144367008,3.107649266,1.0,PLTZERO
306550:6380,947:947,1510462032,STABLE BEAMS,2510,3.159364417,3.123016076,1.0,PLTZERO
306550:6380,948:948,1510462056,STABLE BEAMS,2510,3.157873291,3.121110628,1.0,PLTZERO
306550:6380,949:949,1510462079,STABLE BEAMS,2510,3.146041862,3.109870253,1.0,PLTZERO
306550:6380,950:950,1510462102,STABLE BEAMS,2510,3.150110997,3.109576962,1.0,PLTZERO
306550:6380,951:951,1510462125,STABLE BEAMS,2510,3.141762977,3.105863373,1.0,PLTZERO
306550:6380,952:952,1510462149,STABLE BEAMS,2510,3.144217380,3.107627866,1.0,PLTZERO
306550:6380,953:953,1510462172,STABLE BEAMS,2510,3.155413280,3.119124622,1.0,PLTZERO
306550:6380,954:954,1510462195,STABLE BEAMS,2510,3.161476043,3.124939501,1.0,PLTZERO
306550:6380,955:955,1510462219,STABLE BEAMS,2510,3.148992260,3.112877368,1.0,PLTZERO
306550:6380,956:956,1510462242,STABLE BEAMS,2510,3.146271352,3.110168027,1.0,PLTZERO
306550:6380,957:957,1510462265,STABLE BEAMS,2510,3.136665060,3.100266772,1.0,PLTZERO
306550:6380,958:958,1510462289,STABLE BEAMS,2510,3.150006908,3.114046422,1.0,PLTZERO
306550:6380,959:959,1510462312,STABLE BEAMS,2510,3.150156537,3.113574927,1.0,PLTZERO
306550:6380,960:960,1510462335,STABLE BEAMS,2510,3.136456208,3.100412214,1.0,PLTZERO
306550:6380,961:961,1510462359,STABLE BEAMS,2510,3.143205423,3.107419598,1.0,PLTZERO
306550:6380,962:962,1510462382,STABLE BEAMS,2510,3.145007921,3.108646429,1.0,PLTZERO
306550:6380,963:963,1510462405,STABLE BEAMS,2510,3.147213990,3.111125495,1.0,PLTZERO
306550:6380,964:964,1510462428,STABLE BEAMS,2510,3.143528908,3.107203593,1.0,PLTZERO
306550:6380,965:965,1510462452,STABLE BEAMS,2510,3.155026758,3.119189500,1.0,PLTZERO
306550:6380,966:966,1510462475,STABLE BEAMS,2510,3.142276694,3.105961491,1.0,PLTZERO
306550:6380,967:967,1510462498,STABLE BEAMS,2510,3.157412740,3.120835013,1.0,PLTZERO
306550:6380,968:968,1510462522,STABLE BEAMS,2510,3.139514509,3.103484362,1.0,PLTZERO
306550:6380,969:969,1510462545,STABLE BEAMS,2510,3.136342921,3.100262160,1.0,PLTZERO
306550:6380,970:970,1510462568,STABLE BEAMS,2510,3.137275912,3.101308993,1.0,PLTZERO
306550:6380,971:971,1510462592,STABLE BEAMS,2510,3.154039029,3.117670469,1.0,PLTZERO
306550:6380,972:972,1510462615,STABLE BEAMS,2510,3.141638249,3.105076028,1.0,PLTZERO
306550:6380,973:973,1510462638,STABLE BEAMS,2510,3.131712285,3.095843358,1.0,PLTZERO
306550:6380,974:974,1510462662,STABLE BEAMS,2510,3.138623692,3.102171113,1.0,PLTZERO
306550:6380,975:975,1510462685,STABLE BEAMS,2510,3.138267230,3.102306357,1.0,PLTZERO
306550:6380,976:976,1510462708,STABLE BEAMS,2510,3.148712295,3.112733285,1.0,PLTZERO
306550:6380,977:977,1510462731,STABLE BEAMS,2510,3.133754817,3.097380520,1.0,PLTZERO
306550:6380,978:978,1510462755,STABLE BEAMS,2510,3.137623625,3.101811038,1.0,PLTZERO
306550:6380,979:979,1510462778,STABLE BEAMS,2510,3.145944951,3.109696451,1.0,PLTZERO
306550:6380,980:980,1510462801,STABLE BEAMS,2510,3.123149804,3.087486713,1.0,PLTZERO
306550:6380,981:981,1510462825,STABLE BEAMS,2510,3.133625378,3.097756276,1.0,PLTZERO
306550:6380,982:982,1510462848,STABLE BEAMS,2510,3.143016088,3.106726673,1.0,PLTZERO
306550:6380,983:983,1510462871,STABLE BEAMS,2510,3.149417591,3.113338779,1.0,PLTZERO
306550:6380,984:984,1510462895,STABLE BEAMS,2510,3.135503475,3.099144764,1.0,PLTZERO
306550:6380,985:985,1510462918,STABLE BEAMS,2510,3.136381506,3.100610831,1.0,PLTZERO
306550:6380,986:986,1510462941,STABLE BEAMS,2510,3.125620807,3.089898068,1.0,PLTZERO
306550:6380,987:987,1510462965,STABLE BEAMS,2510,3.126933142,3.090851653,1.0,PLTZERO
306550:6380,988:988,1510462988,STABLE BEAMS,2510,3.135697746,3.099829932,1.0,PLTZERO
306550:6380,989:989,1510463011,STABLE BEAMS,2510,3.158992253,3.122437308,1.0,PLTZERO
306550:6380,990:990,1510463034,STABLE BEAMS,2510,3.133924859,3.098131666,1.0,PLTZERO
306550:6380,991:991,1510463058,STABLE BEAMS,2510,3.140538579,3.104321335,1.0,PLTZERO
306550:6380,992:992,1510463081,STABLE BEAMS,2510,3.121405408,3.085101929,1.0,PLTZERO
306550:6380,993:993,1510463104,STABLE BEAMS,2510,3.125401636,3.089727464,1.0,PLTZERO
306550:6380,994:994,1510463128,STABLE BEAMS,2510,3.133710175,3.097401601,1.0,PLTZERO
306550:6380,995:995,1510463151,STABLE BEAMS,2510,3.124581034,3.088843630,1.0,PLTZERO
306550:6380,996:996,1510463174,STABLE BEAMS,2510,3.123102470,3.087599132,1.0,PLTZERO
306550:6380,997:997,1510463198,STABLE BEAMS,2510,3.120318974,3.084294866,1.0,PLTZERO
306550:6380,998:998,1510463221,STABLE BEAMS,2510,3.129264836,3.093398438,1.0,PLTZERO
306550:6380,999:999,1510463244,STABLE BEAMS,2510,3.121940661,3.085867517,1.0,PLTZERO
306550:6380,1000:1000,1510463268,STABLE BEAMS,2510,3.120881820,3.085056852,1.0,PLTZERO
306550:6380,1001:1001,1510463291,STABLE BEAMS,2510,3.116571753,3.080854622,1.0,PLTZERO
306550:6380,1002:1002,1510463314,STABLE BEAMS,2510,3.116440744,3.080240397,1.0,PLTZERO
306550:6380,1003:1003,1510463338,STABLE BEAMS,2510,3.123444575,3.087663843,1.0,PLTZERO
306550:6380,1004:1004,1510463361,STABLE BEAMS,2510,3.129648891,3.044881672,1.0,PLTZERO
306550:6380,1005:1005,1510463384,STABLE BEAMS,2510,3.129528201,3.049196035,1.0,PLTZERO
306550:6380,1006:1006,1510463408,STABLE BEAMS,2510,3.133488087,2.862354461,1.0,PLTZERO
306550:6380,1007:1007,1510463431,STABLE BEAMS,2510,3.118461066,2.868581582,1.0,PLTZERO
306550:6380,1008:1008,1510463454,STABLE BEAMS,2510,3.121798884,3.086029425,1.0,PLTZERO
306550:6380,1009:1009,1510463477,STABLE BEAMS,2510,3.123125801,3.086156802,1.0,PLTZERO
#Summary:
#nfill,nrun,nls,ncms,totdelivered(hz/ub),totrecorded(hz/ub)
#1,7,1596,1513,4833.884311943,4494.999246999
